date,strategy,spy
2019-01-18,100000.0,100000.0
2019-01-22,99828.12192017655,98648.9692723337
2019-01-23,100392.12257130061,98855.3663692129
2019-01-24,100117.65423066037,98907.9137956596
2019-01-25,99997.3040856329,99744.81616126429
2019-01-28,99795.92054069045,98986.7093958757
2019-01-29,100166.38679067051,98855.3663692129
2019-01-30,100874.73334779515,100420.32194780222
2019-01-31,101917.42292405463,101302.28229499065
2019-02-01,101691.94324084511,101351.04988225673
2019-02-04,101649.05807640491,102064.10505092502
2019-02-05,101781.94895959525,102491.9419830441
2019-02-06,101694.28954834612,102356.85742638157
2019-02-07,101639.8587984127,101381.09066493373
2019-02-08,101684.99548172652,101504.91870727966
2019-02-11,101755.08110751744,101561.23320318002
2019-02-12,102339.39239916354,102867.23787357996
2019-02-13,102635.54822794556,103201.22369739527
2019-02-14,102631.457376413,102972.31995674639
2019-02-15,103554.2804040766,104094.40224971942
2019-02-19,103625.38903199986,104274.58948201007
2019-02-20,103621.76136770895,104484.76003320639
2019-02-21,103577.36995566165,104113.17374835287
2019-02-22,104308.08590908165,104758.70260084861
2019-02-25,104006.41062945161,104901.31491155496
2019-02-26,103959.36221877858,104826.24807161161
2019-02-27,103955.31824792258,104781.23478407222
2019-02-28,103856.11854179906,104586.04312260175
2019-03-01,104277.25147700119,105239.08057455087
2019-03-04,104091.58450830623,104856.26331483468
2019-03-05,103953.52677475491,104713.6637738553
2019-03-06,103386.45702130106,104079.42335999354
2019-03-07,102660.99625421225,103208.75783630257
2019-03-08,102493.15357874615,103002.30966051553
2019-03-11,104011.16555556249,104496.0101626595
2019-03-12,104312.34854348458,104890.07116696534
2019-03-13,104897.73816859223,105584.34206727323
2019-03-14,104947.40518034928,105516.80936623717
2019-03-15,105256.55083846027,106038.11431485115
2019-03-18,105704.54475168543,106422.57886934538
2019-03-19,105416.03387335302,106448.9675101114
2019-03-20,104753.7481702661,106128.56229091967
2019-03-21,106247.08277705795,107327.24379107144
2019-03-22,104048.79685005262,105261.57444859362
2019-03-25,104122.59936142908,105182.42129602257
2019-03-26,104741.98926708712,105966.48891632394
2019-03-27,104430.7598588496,105412.39769373623
2019-03-28,105122.2302645111,105811.93691090855
2019-03-29,105852.03431493942,106479.14237492149
2019-04-01,107040.98505338069,107741.90236496621
2019-04-02,107376.70088613883,107794.65410704428
2019-04-03,107739.51955936658,107964.29992972821
2019-04-04,107871.53504236156,108250.75044492922
2019-04-05,108472.84922125607,108774.69234216075
2019-04-08,108462.03154967206,108857.63171877587
2019-04-09,107631.19032651637,108299.74788728061
2019-04-10,108211.96468889312,108669.15054882372
2019-04-11,108376.82372822607,108639.01399319452
2019-04-12,109271.02845867146,109374.03947710012
2019-04-15,109006.292405163,109302.45238775377
2019-04-16,108832.5779725576,109374.03947710012
2019-04-17,108849.55097851859,109106.44984862128
2019-04-18,109445.0803132542,109321.300504749
2019-04-22,109286.85297234931,109415.52831999812
2019-04-23,110229.59904872163,110399.37193374912
2019-04-24,110191.89312155126,110154.33364308433
2019-04-25,109518.77168068172,110086.47531401076
2019-04-26,109779.4874241162,110599.12877260831
2019-04-29,109977.46378696972,110772.54166474588
2019-04-30,109315.9990686756,110829.04770655064
2019-05-01,108550.98682461621,109996.01456821531
2019-05-02,108226.74454869084,109758.53595591176
2019-05-03,109527.26034147825,110832.84031545823
2019-05-06,108250.54428473764,110376.75674730026
2019-05-07,106532.99766645716,108533.47219985747
2019-05-08,106499.22437484402,108382.70003362269
2019-05-09,106110.07295987764,108054.78621497759
2019-05-10,106360.92779833177,108597.53792002345
2019-05-13,103214.6399332178,105868.47487703073
2019-05-14,104388.16290535172,106825.9106954253
2019-05-15,105468.59158630212,107451.67201058456
2019-05-16,106565.09906954938,108446.75298406172
2019-05-17,105732.12776981459,107745.66943441986
2019-05-20,104224.77174164285,107033.20805805527
2019-05-21,105176.47955315525,107998.216324538
2019-05-22,104999.36737170594,107666.48435753142
2019-05-23,104002.68856356497,106350.97262540863
2019-05-24,103965.3271457649,106592.23107689277
2019-05-28,103009.57594301418,105600.85332423447
2019-05-29,101837.52908274639,104892.17817191398
2019-05-30,102416.0626233798,105178.66699629588
2019-05-31,101140.86243503058,103761.34223110882
2019-06-03,100200.10602317435,103497.4941326297
2019-06-04,102482.79426647685,105744.10412128892
2019-06-05,104023.57018323084,106660.02555733154
2019-06-06,104987.15129322113,107353.6388167009
2019-06-07,106447.23571636755,108427.93040652043
2019-06-10,106934.82056722864,108925.5028175764
2019-06-11,107118.58390887988,108899.10779194691
2019-06-12,107069.95337941386,108706.85955254111
2019-06-13,107598.9975656632,109155.38344233786
2019-06-14,107334.53918035665,109034.84998954798
2019-06-17,107258.70330571952,109076.26221408421
2019-06-18,108038.1873332266,110218.39936325033
2019-06-19,108433.19121992183,110467.19195364181
2019-06-20,109808.48756245362,111522.64819619307
2019-06-21,109246.67747363156,111360.53651241644
2019-06-24,109145.6301822474,111224.18136792125
2019-06-25,107786.57255359346,110133.30190277871
2019-06-26,107616.0036648246,110023.44394172868
2019-06-27,108287.4974016543,110413.5846398573
2019-06-28,109002.98800397101,110981.76087128358
2019-07-01,110463.46003434322,111989.33063772912
2019-07-02,110896.91800116558,112280.91458316866
2019-07-03,112015.09624082941,113178.63915829112
2019-07-05,111863.77118153013,113049.85646188408
2019-07-08,111368.4481983146,112428.6475543866
2019-07-09,111665.26578535557,112568.82084724329
2019-07-10,112472.26716797841,113106.66897713592
2019-07-11,112612.61794682391,113371.81958776512
2019-07-12,113331.83474143289,113879.41623448589
2019-07-15,113598.04270985383,113917.2529354729
2019-07-16,113019.75434001282,113549.86789078971
2019-07-17,112375.13460086452,112777.1334031667
2019-07-18,112908.5673853822,113189.9914455599
2019-07-19,111864.49133884633,112561.24839915511
2019-07-22,112000.0522100979,112837.73852732613
2019-07-23,112680.53322526987,113644.5426464825
2019-07-24,112870.36440269115,114178.5853977406
2019-07-25,112447.24071252179,113633.19035921368
2019-07-26,113014.76401313307,114394.53425038702
2019-07-29,113203.68261462665,114186.20892473664
2019-07-30,113101.75178380792,113905.88787847715
2019-07-31,111261.49024298295,112659.69022430154
2019-08-01,110768.66427983805,111678.71979911688
2019-08-02,110082.04869099383,110837.84604842715
2019-08-05,105657.74695508598,107504.56421965921
2019-08-06,107550.77011672487,109012.10710582949
2019-08-07,108578.6973768417,109076.50483889648
2019-08-08,111338.38785762466,111216.60891983304
2019-08-09,110532.07238220704,110459.04486784035
2019-08-12,109234.12156192257,109114.35430961045
2019-08-13,110945.97117627309,110811.29778607412
2019-08-14,107583.23799253767,107534.85401201197
2019-08-15,108531.60232235756,107818.94212772511
2019-08-16,110367.23127094723,109409.7947125924
2019-08-19,111899.36147227736,110727.96254792319
2019-08-20,110808.27111305192,109879.49080969134
2019-08-21,111823.79271822135,110773.39723645232
2019-08-22,111754.6817003141,110739.30206546503
2019-08-23,108575.82068383318,107894.71768751481
2019-08-26,110089.95246663128,109087.86989589225
2019-08-27,109837.37859299421,108659.81587841483
2019-08-28,110451.82347962506,109424.97791794965
2019-08-29,111915.51993556775,110822.67561279684
2019-08-30,111900.00070055046,110773.39723645232
2019-09-03,112011.28466570031,110125.69114550963
2019-09-04,113612.46672444322,111375.65586913891
2019-09-05,114464.16095758935,112807.46150470033
2019-09-06,114469.90785096568,112894.58935175887
2019-09-09,113950.73610222842,112951.38909728373
2019-09-10,113178.64277619886,112924.8791441116
2019-09-11,113900.83596485348,113727.8906543604
2019-09-12,114545.82467529547,114121.81119166964
2019-09-13,113612.49698538313,114046.03563187993
2019-09-16,113366.85579616703,113693.75717419223
2019-09-17,113556.5539159965,113981.63789881294
2019-09-18,113584.61540364087,114049.85378024142
2019-09-19,113428.9458230835,114042.24302297234
2019-09-20,112531.31071947388,113503.42439383063
2019-09-23,112629.6615972088,113476.78674338888
2019-09-24,111986.8066287608,112586.39199154235
2019-09-25,112846.40711655321,113252.28217367825
2019-09-26,112956.8376287618,113016.34869833704
2019-09-27,112143.07452939369,112407.52642599221
2019-09-30,112626.00313410388,112928.7994502888
2019-10-01,111461.64699343046,111585.57741065949
2019-10-02,109501.19094034129,109614.42958715088
2019-10-03,110438.51083613995,110512.51171462829
2019-10-04,112149.7411192205,112007.96166936598
2019-10-07,111620.94044949884,111524.66581305298
2019-10-08,110495.85665331711,109793.30792242798
2019-10-09,111330.02578831195,110835.905049929
2019-10-10,111653.59171584585,111585.57741065949
2019-10-11,112039.34245294041,112742.32312746959
2019-10-14,111840.36089782306,112616.80948116473
2019-10-15,112150.98411749846,113731.74711190278
2019-10-16,111913.06882486201,113549.08893744506
2019-10-17,112081.9225008846,113883.9622572842
2019-10-18,111976.48936250087,113385.470425887
2019-10-21,112443.63665350816,114154.10583115535
2019-10-22,112286.17264706001,113781.2298038787
2019-10-23,112795.10143115344,114112.25943590242
2019-10-24,112533.74763809067,114298.73575872162
2019-10-25,112265.53638714006,114766.78456104254
2019-10-28,112069.87109760889,115413.6733894597
2019-10-29,112072.9976487129,115379.42498174887
2019-10-30,112602.26962772913,115733.3507342146
2019-10-31,112323.76729415725,115425.0512161824
2019-11-01,113092.86759866752,116494.3753822139
2019-11-04,113295.79102209122,116962.39864508089
2019-11-05,113200.94170915293,116833.02854123362
2019-11-06,113364.53241004205,116859.69173112931
2019-11-07,113471.545335797,117270.64708420525
2019-11-08,113519.84234444797,117559.85586042995
2019-11-11,113484.20728793551,117335.31298153843
2019-11-12,113568.69199151226,117582.66259278325
2019-11-13,113413.23136114974,117620.74191858251
2019-11-14,113488.28872788271,117791.97118740967
2019-11-15,113822.7810130637,118644.35046209172
2019-11-18,113845.66974323402,118731.86140095908
2019-11-19,113903.61744584229,118697.63853270219
2019-11-20,113556.37325779008,118256.21461109606
2019-11-21,113437.2360507666,118065.92013991535
2019-11-22,113646.56470761193,118328.4912656983
2019-11-25,114358.80969235889,119245.53643771354
2019-11-26,114389.30794968162,119515.76939967343
2019-11-27,114690.38514675734,120048.47132960056
2019-11-29,114422.05300645345,119603.25479908686
2019-12-02,113609.58998639676,118587.29532202761
2019-12-03,112923.60838551502,117791.97118740967
2019-12-04,113495.62533930237,118518.77296715205
2019-12-05,113655.9359938037,118731.86140095908
2019-12-06,114510.65945990224,119816.36877234782
2019-12-09,114021.21011122884,119439.63628752879
2019-12-10,113940.05905381442,119306.44803532005
2019-12-11,114249.5478490253,119645.13950352067
2019-12-12,115453.39133221107,120676.33326484503
2019-12-13,115278.47259749923,120748.64822862817
2019-12-16,116050.81614150801,121578.22077095695
2019-12-17,116051.22749437267,121604.84565167173
2019-12-18,116005.99230595052,121612.43086948688
2019-12-19,116247.55265359025,122110.96101006497
2019-12-20,116580.87546917406,122646.29350374619
2019-12-23,116705.06139603493,122833.65093772573
2019-12-24,116719.78366436358,122837.4818558142
2019-12-26,116952.68878524445,123491.3812643332
2019-12-27,116908.411852355,123460.78499853339
2019-12-30,115945.1720907786,122780.10747257606
2019-12-31,116228.10748666846,123078.38275494345
2020-01-02,117505.82092862292,124229.42040380176
2020-01-03,116468.03163642563,123288.72569745374
2020-01-06,116341.20564179112,123759.08582035471
2020-01-07,116151.30123080345,123411.11076065306
2020-01-08,116671.26767924505,124068.84108726053
2020-01-09,117138.9527297294,124910.08516003212
2020-01-10,116955.44310133439,124550.64288551903
2020-01-13,117472.9977417085,125407.24893982534
2020-01-14,117370.33407813025,125215.99673912252
2020-01-15,117804.24941834548,125498.98665831696
2020-01-16,118828.65540050536,126542.95014660285
2020-01-17,119465.78539221987,126936.80683527728
2020-01-21,119333.30282685012,126688.2185605172
2020-01-22,119413.84659760326,126703.52946314408
2020-01-23,119134.29933090205,126848.82341651236
2020-01-24,117871.58528651699,125720.74573673088
2020-01-27,116287.166650242,123705.5168157511
2020-01-28,117446.43238174153,125001.89949688554
2020-01-29,117331.88347200908,124898.61794522069
2020-01-30,116743.93142615548,125303.94184870657
2020-01-31,114717.10380254213,123028.69574733615
2020-02-03,115808.85905164365,123942.61233624582
2020-02-04,116892.11144745267,125831.6763548457
2020-02-05,117117.88484966238,127284.74358579806
2020-02-06,118005.62359343155,127713.06576754169
2020-02-07,117759.98193793761,127032.38824158434
2020-02-10,118708.67538710625,127980.74478410925
2020-02-11,118811.05685026616,128202.54217170403
2020-02-12,119825.73897999183,129028.47534184878
2020-02-13,119632.70689134844,128890.83045493046
2020-02-14,119845.47374214692,129097.32970962535
2020-02-18,119936.21632059394,128764.65278282358
2020-02-19,120064.51911019234,129380.3196288198
2020-02-20,119426.83830052917,128848.7669743192
2020-02-21,118281.92254577452,127521.87741547367
2020-02-24,114017.88566585032,123292.55661554221
2020-02-25,109946.27493825453,119556.51759840766
2020-02-26,109312.04855266566,119116.7665110335
2020-02-27,102579.57609487585,113767.02986749748
2020-02-28,101728.17279000774,113289.0079084196
2020-03-02,103566.49861833757,118195.16254649298
2020-03-03,102809.11689137385,114810.99335578337
2020-03-04,103632.63267320846,119636.81364154175
2020-03-05,103001.12374651077,115659.92480418581
2020-03-06,102591.50134328933,113747.91358623609
2020-03-09,101119.83136037573,104864.83180162587
2020-03-10,104605.17881655898,110291.05910966144
2020-03-11,99945.72123496965,104914.52519409666
2020-03-12,91523.36533186639,94876.60038199362
2020-03-13,98511.24317267668,102987.23499783744
2020-03-16,88941.26976741289,91718.0084180594
2020-03-17,88941.26976741289,96670.04468510556
2020-03-18,88941.26976741289,91775.35726184364
2020-03-19,88941.26976741289,91970.37014713662
2020-03-20,88941.26976741289,88006.99806576945
2020-03-23,88941.26976741289,85756.79978383405
2020-03-24,88941.26976741289,93526.65508111905
2020-03-25,88941.26976741289,94926.77902408893
2020-03-26,88941.26976741289,100469.52370578499
2020-03-27,88941.26976741289,97476.97650153155
2020-03-30,88941.26976741289,100642.61735474851
2020-03-31,88941.26976741289,99142.49367994288
2020-04-01,88941.26976741289,94680.58507313413
2020-04-02,88941.26976741289,96865.38958329955
2020-04-03,88941.26976741289,95465.27841005662
2020-04-06,88941.26976741289,101877.32225465875
2020-04-07,88941.26976741289,101981.18482890035
2020-04-08,88941.26976741289,105404.53154192792
2020-04-09,88941.26976741289,107008.47948179426
2020-04-13,88943.79847105435,106031.50598114857
2020-04-14,92121.05038602138,109158.69080162088
2020-04-15,90931.69407641492,106839.24229037312
2020-04-16,92402.7976975003,107354.6731645848
2020-04-17,93901.84320007783,110254.88247317943
2020-04-20,92527.86825252153,108312.44099588036
2020-04-21,88717.98377576211,105023.75105366211
2020-04-22,91267.64549634194,107354.6731645848
2020-04-23,90955.07618593946,107346.97301922699
2020-04-24,92770.15979687375,108843.26577594416
2020-04-27,93887.53889233063,110412.56306170038
2020-04-28,92378.5313195012,109904.87702689087
2020-04-29,94475.82229915599,112782.0497480469
2020-04-30,94066.06266544841,111731.9184816386
2020-05-01,91966.93303798274,108774.0155466318
2020-05-04,92532.05412583014,109074.09136050075
2020-05-05,94097.24420539403,110081.82713339679
2020-05-06,94008.06852803289,109335.61536867286
2020-05-07,94690.62701758408,110654.94524915716
2020-05-08,95600.68523781133,112485.83039172032
2020-05-11,96868.32767024127,112508.94359752069
2020-05-12,94608.90856526131,110266.46461553354
2020-05-13,92816.19335851126,108316.27191396883
2020-05-14,94197.05740328613,109612.59074646843
2020-05-15,95215.60413567748,110116.45863291646
2020-05-18,97357.7807777007,113470.56788635864
2020-05-19,96632.22518074476,112305.07490657986
2020-05-20,98573.53595708702,114212.88488435927
2020-05-21,97343.59915119594,113424.35424448484
2020-05-22,97798.69933857583,113639.80507777978
2020-05-26,97497.82907128557,115039.9162510227
2020-05-27,98857.16222637217,116751.57045294603
2020-05-28,98760.02450035296,116536.17069855897
2020-05-29,100172.69644158756,117055.43887572258
2020-06-01,100431.02595278775,117528.58279910116
2020-06-02,101916.44321740938,118501.73815138536
2020-06-03,103316.26535655902,120078.78666140723
2020-06-04,102271.7428229611,119763.34886600355
2020-06-05,106041.1349715624,122832.82090547324
2020-06-08,107112.46254695422,124317.58259874415
2020-06-09,106759.68117510327,123390.56426997195
2020-06-10,106989.13758494798,122702.02059220629
2020-06-11,99265.99716765061,115628.39634831781
2020-06-12,100855.57262135226,117013.145540026
2020-06-15,101439.26665675273,118105.51906322304
2020-06-16,103275.56827131749,120378.79862664141
2020-06-17,103241.56194824059,119878.76165828184
2020-06-18,103485.99348700533,119924.92422124778
2020-06-19,102853.91581309252,119239.56020549555
2020-06-22,104246.31139606165,120004.49238994507
2020-06-23,105100.60798701839,120556.96185720866
2020-06-24,101683.04684675988,117481.73067087932
2020-06-25,102906.5452988364,118741.18330164101
2020-06-26,99459.73315211263,115920.88694437161
2020-06-29,101283.76166572886,117624.63668530578
2020-06-30,102861.77858848471,119131.34953922355
2020-07-01,103978.0756084011,119965.83842643251
2020-07-02,104274.84229417154,120626.50579024115
2020-07-06,106260.02336274952,122488.66399413308
2020-07-07,105220.48807823585,121225.34213610206
2020-07-08,106169.08800224311,122152.53924105172
2020-07-09,106067.74937569984,121457.12545018077
2020-07-10,107492.2565238057,122697.27025377662
2020-07-13,105697.2051180084,121634.84174030437
2020-07-14,106884.86319308642,123211.09852725462
2020-07-15,107737.14984499254,124343.0582040324
2020-07-16,107062.84740864644,123933.53306037615
2020-07-17,107125.72208659392,124292.86040734664
2020-07-20,108860.0885912764,125297.33989986747
2020-07-21,108628.85619381696,125563.90795018939
2020-07-22,109913.86563105532,126278.65510768008
2020-07-23,107393.13437006416,124771.94225376232
2020-07-24,106567.41821447562,123968.33056634633
2020-07-27,108526.82529748467,124872.3889260417
2020-07-28,106157.41475984134,124080.39769016071
2020-07-29,107904.54301590906,125606.40560151734
2020-07-30,107285.09323735157,125158.27757325642
2020-07-31,109282.23530251466,126147.29292642683
2020-08-03,110330.56885020973,127024.26669523682
2020-08-04,111610.7847002345,127514.91791427962
2020-08-05,112830.9429809651,128306.9219198876
2020-08-06,114444.8213672808,129164.5878615317
2020-08-07,113760.3560618453,129257.30884899937
2020-08-10,115043.49725402519,129643.64416849348
2020-08-11,113555.11070709716,128573.47720048254
2020-08-12,116015.83093388601,130366.06593188806
2020-08-13,116000.29872225242,130130.43892999394
2020-08-14,116154.56878195026,130134.30815726328
2020-08-17,117066.11644353982,130547.66421900796
2020-08-18,117035.30514777041,130829.68363895333
2020-08-19,116587.6021076219,130284.95262622843
2020-08-20,116929.66633894833,130690.59577288838
2020-08-21,117660.51425394176,131154.21347995364
2020-08-24,120163.65547352901,132483.22281347477
2020-08-25,120300.79833905089,132946.84052054005
2020-08-26,122364.38904435054,134279.71908133052
2020-08-27,122251.64957308752,134573.29510417607
2020-08-28,123952.68861751878,135442.55595790126
2020-08-31,123466.82753366229,134951.93027831236
2020-09-01,125340.66263782298,136223.00336060903
2020-09-02,126968.46490220373,138193.3339215921
2020-09-03,121275.59336511845,133437.4789698559
2020-09-04,120161.40971026487,132348.02971413307
2020-09-08,116253.89481704708,128731.87289371336
2020-09-09,119072.14437303679,131273.98074912583
2020-09-10,116969.64154442147,128994.59725621984
2020-09-11,116743.27938366646,129060.25919225604
2020-09-14,118565.05171508936,130760.13970592084
2020-09-15,119393.53057180738,131420.81983945644
2020-09-16,118574.43338492565,130899.24034171278
2020-09-17,117579.07567460887,129747.94729831525
2020-09-18,115490.89904355371,128254.19571726344
2020-09-21,114018.75428182012,126826.82117695764
2020-09-22,116003.661298054,128118.44074993541
2020-09-23,112661.40202013166,125147.25729888861
2020-09-24,113219.91863822936,125480.84087630465
2020-09-25,115601.42266914662,127509.45247114009
2020-09-28,118197.4834562178,129627.29891798273
2020-09-29,117290.39681720003,128921.33733264155
2020-09-30,118271.30293403589,129898.87270127356
2020-10-01,119677.79644962262,130732.78695076927
2020-10-02,117772.54687890815,129491.54395065473
2020-10-05,120733.15097387857,131787.8473317847
2020-10-06,118952.2636706002,129914.33684062396
2020-10-07,122052.48543434925,132175.7150185142
2020-10-08,123831.07444715327,133347.14592133005
2020-10-09,125407.4906053314,134537.94849994656
2020-10-12,128011.16122000184,136702.31506211005
2020-10-13,126892.73070047927,135810.2347063046
2020-10-14,126408.24291741797,134956.85939291952
2020-10-15,126352.32368218967,134790.09952852892
2020-10-16,126622.9074497571,134708.60313106043
2020-10-19,123907.86450766938,132660.5560117895
2020-10-20,124753.16209022343,133191.9937387475
2020-10-21,124027.1195877041,132939.84271016513
2020-10-22,124674.35860565279,133669.08350775717
2020-10-23,125189.56799950579,134122.88129478903
2020-10-26,122069.87906517381,131644.34114019104
2020-10-27,121495.9253906376,131190.47950452438
2020-10-28,115673.87557205497,126706.54311870699
2020-10-29,117445.8073710579,127994.33177359632
2020-10-30,115144.32371216989,126660.03577311311
2020-11-02,117910.24481851698,128079.6718588802
2020-11-03,120812.20412508011,130341.03726704347
2020-11-04,120161.5724353882,133254.02907232658
2020-11-05,122909.54278021262,135852.87282462913
2020-11-06,122906.4015789789,135821.85515783957
2020-11-09,125711.79794032733,137528.52916624793
2020-11-10,127107.98863535696,137326.84409861753
2020-11-11,126912.74285274299,138347.00481584712
2020-11-12,124950.3026886545,137004.88097273652
2020-11-13,127086.43919552259,138901.6451366942
2020-11-16,129182.73799130677,140635.5186635306
2020-11-17,128178.67887716233,139879.11665669136
2020-11-18,127000.7050779453,138195.70909080695
2020-11-19,126808.95574607005,138777.54893008206
2020-11-20,126401.29213346161,137827.18754042414
2020-11-23,127300.75634859526,138653.41441428903
2020-11-24,129054.7367170228,140887.60584347814
2020-11-25,128611.11802554084,140670.4055575895
2020-11-27,128255.34276819689,141062.16801104223
2020-11-30,125678.14517981869,140437.6772837156
2020-12-01,126241.45701823618,141973.72220046402
2020-12-02,127249.20907720672,142272.38057464026
2020-12-03,127130.63068557117,142233.5733744042
2020-12-04,129335.49630775569,143459.3266957144
2020-12-07,128086.4099309163,143164.49923962663
2020-12-08,128871.7645046618,143583.42290232654
2020-12-09,129030.8531835695,142295.65978689113
2020-12-10,129479.53584366279,142249.11413211637
2020-12-11,129073.35817693212,142082.26487963702
2020-12-14,127529.77811739616,141446.15370077544
2020-12-15,128769.5386694509,143358.4203132644
2020-12-16,128349.56464917607,143583.42290232654
2020-12-17,128459.76826259491,144386.3450244866
2020-12-18,127921.8226748737,143809.83016135445
2020-12-21,127102.29989639253,143295.63156579455
2020-12-22,126366.81790937933,143054.13048949811
2020-12-23,127281.00905146095,143182.68333081983
2020-12-24,127143.12395249809,143739.72436033565
2020-12-28,127043.05301525521,144974.54418778853
2020-12-29,126573.02998050551,144698.00298070966
2020-12-30,127327.93865221464,144904.42561704278
2020-12-31,127306.36998222272,145640.6769947367
2021-01-04,126276.04240780894,143657.8831802392
2021-01-05,128082.52704038835,144647.33270412634
2021-01-06,130166.7137427912,145512.124153415
2021-01-07,130934.20866259681,147674.06446745576
2021-01-08,130785.62687282356,148515.43623749702
2021-01-11,131266.14427811003,147514.327952894
2021-01-12,132900.47796354152,147545.48608668015
2021-01-13,132244.15973502805,147942.86721999597
2021-01-14,133408.48663585025,147424.7738577128
2021-01-15,131409.1382405137,146349.62669618687
2021-01-19,132261.2476849465,147498.74888600095
2021-01-20,132657.54969030406,149539.95143162046
2021-01-21,131093.5116191783,149676.28103666176
2021-01-22,130673.72552954846,149146.51614393576
2021-01-25,130091.4992316363,149734.72807696467
2021-01-26,129366.54310139621,149501.00376438783
2021-01-27,128759.96528742329,145847.13794025072
2021-01-28,129194.48567740466,147101.43160131993
2021-01-29,128004.91307663477,144156.5410180869
2021-02-01,128320.99448825969,146556.08764170087
2021-02-02,128762.36116527602,148628.41001192565
2021-02-03,130155.25319025716,148745.29132280452
2021-02-04,130593.01018743434,150435.9137844222
2021-02-05,130913.26632757905,151027.9566355396
2021-02-08,132392.17431436613,152118.69563368557
2021-02-09,132004.7606734308,152017.41892915367
2021-02-10,132675.6567466547,151951.16958567727
2021-02-11,132135.39766145073,152196.60373787786
2021-02-12,132701.9150580964,152948.42141273787
2021-02-16,133630.1981576297,152815.96103496593
2021-02-17,134179.11560364024,152851.01393547532
2021-02-18,133312.64552313377,152200.52404405506
2021-02-19,133921.142393398,151931.7085217879
2021-02-22,135154.7083955045,150763.08695890356
2021-02-23,135797.9904664893,150946.17930407796
2021-02-24,137250.88778616814,152609.48731972495
2021-02-25,136311.57810270877,148932.22735579434
2021-02-26,135355.93676456713,148164.8178443143
2021-03-01,136514.15391099564,151756.40571006003
2021-03-02,136254.4882675943,150572.2178500096
2021-03-03,136785.52150982714,148577.77804452318
2021-03-04,137678.37652780837,146739.1416776944
2021-03-05,139305.40444844318,149438.66195736162
2021-03-08,139407.84406394837,148694.6465856751
2021-03-09,138663.2112378286,150817.62646275628
2021-03-10,139810.39334349244,151756.40571006003
2021-03-11,139855.46060881997,153295.06842083557
2021-03-12,139982.97720940778,153501.52936634954
2021-03-15,139772.2578870887,154416.95278304067
2021-03-16,138524.40582327044,154222.1761376965
2021-03-17,138846.91271126427,154748.09734260707
2021-03-18,136788.73714096274,152496.53908475026
2021-03-19,136413.44394344205,152214.39196753528
2021-03-22,136309.3904542934,153429.80181000664
2021-03-23,135724.0934001166,152222.20704043572
2021-03-24,136570.01721051717,151448.37435629402
2021-03-25,137011.89018114223,152300.3194602594
2021-03-26,138728.83192582757,154754.6482125383
2021-03-29,138173.06511443673,154676.49748353375
2021-03-30,137724.56040885672,154266.15507735198
2021-03-31,137317.62247266356,154891.4375277502
2021-04-01,138828.17240891696,156564.13129271395
2021-04-05,138083.37928775407,158811.29676449596
2021-04-06,138046.13520462762,158717.5158896905
2021-04-07,138206.4857613058,158901.19564230513
2021-04-08,137557.39326960998,159655.50341392265
2021-04-09,137384.24464018847,160816.20774609083
2021-04-12,137247.1994448883,160874.8335625712
2021-04-13,137438.5930724321,161351.6168581338
2021-04-14,138330.0346960982,160800.56483056294
2021-04-15,138577.7547717807,162527.9641058299
2021-04-16,138320.2414154311,163071.2265999542
2021-04-19,138440.97144157678,162270.01562120699
2021-04-20,138683.8337381219,161081.97130361418
2021-04-21,138876.91153195393,162606.1148348344
2021-04-22,138698.540669347,161121.0338983895
2021-04-23,138951.750736156,162867.9580861806
2021-04-26,139033.52675584593,163208.00314543914
2021-04-27,139067.81246165888,163172.80977793317
2021-04-28,139027.04588182096,163125.9321102574
2021-04-29,139349.49516556883,164165.49004274156
2021-04-30,139448.96942982238,163086.8312063012
2021-05-03,139359.95161622294,163438.56056572957
2021-05-04,139205.3884743063,162430.2373853933
2021-05-05,138850.72572843303,162481.07366842715
2021-05-06,139064.98002682274,163778.5417763533
2021-05-07,139489.74753300205,164970.5447093042
2021-05-10,139586.9104292844,163336.95184829665
2021-05-11,139146.7178574144,161879.23643673028
2021-05-12,138333.32980054655,158440.0552622704
2021-05-13,138766.48082213127,160343.30644752452
2021-05-14,139172.4561699812,162805.42473324997
2021-05-17,139160.14297276098,162391.162020891
2021-05-18,139034.60990108916,160992.05965607805
2021-05-19,138765.57558493398,160570.00741027258
2021-05-20,139368.50046137127,162297.38114608554
2021-05-21,139358.65308626596,162164.49936732388
2021-05-24,139484.25527521136,163817.66821976344
2021-05-25,139113.0501173554,163454.19071153048
2021-05-26,139000.1740661747,163778.5417763533
2021-05-27,138626.0802568445,163864.5458874392
2021-05-28,139128.08991773945,164157.68773956803
2021-06-01,139018.171122722,164013.05781200176
2021-06-02,139607.7894669977,164270.9935268977
2021-06-03,139945.55344193213,163661.32845257342
2021-06-04,140122.6357079914,165158.15753782296
2021-06-07,140387.67568145835,164997.91023418275
2021-06-08,140329.45822723475,165033.09083196177
2021-06-09,140190.56091274292,164786.85218696258
2021-06-10,140629.9519555611,165552.8825679308
2021-06-11,140467.23014121916,165826.43565890068
2021-06-14,140997.08821381466,166197.71547030713
2021-06-15,140448.9017814889,165892.88931800847
2021-06-16,139739.18235484927,164966.63717285395
2021-06-17,140617.94941007457,164911.93166255078
2021-06-18,139139.39690545225,162687.20260104016
2021-06-21,140901.51865348744,165016.20925291863
2021-06-22,141291.59544701205,165898.43137950977
2021-06-23,140968.0586724238,165698.4957644731
2021-06-24,141368.98048760346,166678.70000604008
2021-06-25,141760.83420496646,167270.7556268844
2021-06-28,142165.52907232373,167607.9658067575
2021-06-29,142453.25162489602,167698.1583882868
2021-06-30,142201.685329365,167839.2894106656
2021-07-01,142480.4266259538,168768.55521138303
2021-07-02,143241.59663898157,170058.56579876365
2021-07-06,143576.12867979912,169748.77222267695
2021-07-07,143941.426524844,170348.68122560266
2021-07-08,143417.7039637682,168960.70129297316
2021-07-09,144359.51314599384,170764.2975290195
2021-07-12,144684.06188307304,171375.9546807498
2021-07-13,144430.76061034453,170791.7524419868
2021-07-14,144951.9258022962,171046.63619213895
2021-07-15,144540.17950546416,170462.39564419506
2021-07-16,144002.52923367565,169125.36692214207
2021-07-19,142701.04142018006,166627.72325600966
2021-07-20,143995.18135944448,169015.57280972684
2021-07-21,144370.02662074682,170383.98952065126
2021-07-22,144509.68252272476,170740.77569195637
2021-07-23,145337.95721487023,172497.3537933304
2021-07-26,145312.80398523773,172920.82347882862
2021-07-27,145095.86705578145,172132.73977939787
2021-07-28,144862.16581258687,172062.14872875452
2021-07-29,144971.73618773176,172775.7466108187
2021-07-30,145039.33112922552,171936.69893108448
2021-08-02,144878.5906303532,171575.95414442127
2021-08-03,145329.75780632216,172971.80022885907
2021-08-04,145321.85401895831,172120.9405516854
2021-08-05,145854.6210176706,173210.96444512153
2021-08-06,145757.2860408489,173497.1723355103
2021-08-09,145457.65907424063,173356.06685258538
2021-08-10,144763.79099047102,173571.69646205776
2021-08-11,144931.75388860458,174002.9939901834
2021-08-12,145333.27448908516,174524.49686956528
2021-08-13,145821.4922223084,174842.07997909852
2021-08-16,146095.65188566435,175253.7759763382
2021-08-17,145756.2377201536,174104.94749024426
2021-08-18,144712.3191335453,172199.3722146831
2021-08-19,145456.29593170003,172465.99134391287
2021-08-20,146253.5025389283,173838.31559128754
2021-08-23,146781.68674049928,175367.49039493062
2021-08-24,146483.6840663925,175645.89598214588
2021-08-25,146419.59008498967,176014.44307198256
2021-08-26,146107.98027585834,174975.37038912295
2021-08-27,146871.59468400088,176539.81517863378
2021-08-30,147820.14618909635,177316.18903844085
2021-08-31,147755.50492691214,177053.4774456613
2021-09-01,148345.18806001163,177147.59033336779
2021-09-02,148454.49698056004,177692.60228008582
2021-09-03,148653.71826850594,177649.46614240977
2021-09-07,148282.79022423667,177014.2488444355
2021-09-08,148291.47177249007,176798.64477441701
2021-09-09,147373.24639390744,176041.8852152229
2021-09-10,146455.29411401285,174653.8797431395
2021-09-13,146444.7082915599,175100.87126570087
2021-09-14,145825.9622253421,174155.9497797286
2021-09-15,146789.73132586127,175610.58768709726
2021-09-16,146983.2534399255,175332.20763933592
2021-09-17,145537.5769269286,173624.26942795835
2021-09-20,142898.32068861724,170729.23185878317
2021-09-21,142941.49531721143,170567.975746713
2021-09-22,144790.29398328564,172231.82009089238
2021-09-23,146767.663168672,174324.45909671293
2021-09-24,147157.50452063172,174611.57363771595
2021-09-27,146745.94795517332,174112.04745843486
2021-09-28,145276.13066861423,170603.36066012338
2021-09-29,145227.80542043733,170890.5390497612
2021-09-30,144870.83028698686,168801.8203501178
2021-10-01,145577.84931512977,170807.89337686618
2021-10-04,144793.99909059727,168605.14101545635
2021-10-05,145771.25130510575,170359.49718433904
2021-10-06,146987.0065802089,171067.4891562671
2021-10-07,147478.00035181007,172546.49170267835
2021-10-08,146834.43597246445,172231.82009089238
2021-10-11,145488.02109001222,170984.89456227995
2021-10-12,145388.10623764183,170564.02990108187
2021-10-13,145941.4614655606,171177.64082103726
2021-10-14,148504.86326284736,174056.98439577676
2021-10-15,149268.43443861115,175382.55867274525
2021-10-18,150021.31411311912,175901.78854072795
2021-10-19,151032.6334392656,177258.81465520267
2021-10-20,151505.79954106297,177955.05847832613
2021-10-21,151836.4175806158,178419.22528365074
2021-10-22,152043.12879830218,178234.3196372478
2021-10-25,153366.5727011319,179190.15923977218
2021-10-26,153815.7094530494,179351.42812156933
2021-10-27,152210.49971379223,178556.8574008421
2021-10-28,153908.96705121294,180279.76173221858
2021-10-29,153319.901705036,180645.56333075854
2021-11-01,154158.77483937817,180956.31463636734
2021-11-02,153937.88634297642,181687.94337290118
2021-11-03,154708.70125883177,182797.19847514134
2021-11-04,154791.33655906544,183658.63148623914
2021-11-05,155168.01470401412,184295.84086161945
2021-11-08,154895.11264385816,184453.1894372394
2021-11-09,154197.09886553857,183843.47328400728
2021-11-10,153822.93381751498,182364.47073759604
2021-11-11,153757.2710866473,182423.5051853392
2021-11-12,153890.59440243957,183800.23498851556
2021-11-15,153655.69185050708,183863.12589380107
2021-11-16,154153.6026330585,184590.85986361167
2021-11-17,153961.8918176671,184142.4381316306
2021-11-18,154174.64404641322,184767.87381875238
2021-11-19,153989.88541177294,184437.4571336228
2021-11-22,153989.47457821376,183918.21449591313
2021-11-23,153916.73479045214,184162.10351115136
2021-11-24,154083.30656669565,184653.7763083511
2021-11-26,152665.01422663726,180535.4372054423
2021-11-29,153659.86173176183,182749.9760248376
2021-11-30,151424.52463452495,179194.1050854033
2021-12-01,149694.9706386634,177203.75159254458
2021-12-02,152384.29908841744,179917.8804398558
2021-12-03,151190.74280601897,178352.31191437232
2021-12-06,152233.56302416493,180464.61629971367
2021-12-07,153351.41799225932,184197.48842456177
2021-12-08,153456.85023683513,184685.25368531127
2021-12-09,152706.6596497646,183438.35369615277
2021-12-10,153066.95549307467,185165.12725479857
2021-12-13,151845.08288296356,183524.8813660441
2021-12-14,151564.9536617951,182262.21076408811
2021-12-15,152055.54262969297,185110.0897315944
2021-12-16,151210.6416212152,183477.6716854673
2021-12-17,150802.23912484088,181524.9633476912
2021-12-20,150467.87120822753,179594.7041899134
2021-12-21,151959.31594898822,182784.14781418667
2021-12-22,153288.41660382017,184611.75113692074
2021-12-23,154014.5747156092,185760.42638629113
2021-12-27,155643.5698145697,188389.31730613415
2021-12-28,156163.22275316197,188235.35270815901
2021-12-29,156620.1487187725,188476.17698892648
2021-12-30,156454.37565042367,187955.12104998823
2021-12-31,156727.64954506842,187481.41525862337
2022-01-03,156966.54298649982,188566.944208169
2022-01-04,156567.319573927,188503.7851386173
2022-01-05,154515.30716057107,184884.11664328317
2022-01-06,153550.26668022605,184710.42281715243
2022-01-07,152803.29842703883,183980.16044140348
2022-01-10,151760.2613896497,183751.23754616416
2022-01-11,152330.58878962675,185424.90181037696
2022-01-12,152939.50861155667,185926.2029817057
2022-01-13,151999.83149445945,183364.3914375916
2022-01-14,151468.61445755867,183439.42635321754
2022-01-18,149830.63207339315,180190.75673529672
2022-01-19,149575.05470472496,178319.71080143956
2022-01-20,148752.89063471468,176346.0601114465
2022-01-21,147824.04374961354,172884.2892899917
2022-01-24,147191.25394660534,173618.47197191784
2022-01-25,146636.813571892,171498.7739146658
2022-01-26,145873.54201604257,171068.51073442405
2022-01-27,145957.0050164935,170223.79329591888
2022-01-28,147609.59792592225,174451.37741298357
2022-01-31,148496.964613307,177593.40704104866
2022-02-01,148370.18130854037,178793.41659280442
2022-02-02,149609.76814696027,180530.22715684198
2022-02-03,149097.72561930591,176286.85965725285
2022-02-04,148432.22681731908,177115.80648296053
2022-02-07,148525.57031062958,176547.38762672196
2022-02-08,148886.14094491454,177999.99514750377
2022-02-09,149868.280999491,180605.22376328707
2022-02-10,147896.45256355288,177360.56383963214
2022-02-11,147038.63413883603,173863.20378913553
2022-02-14,146102.59664694092,173294.79770262397
2022-02-15,146615.54551540327,176089.47798760852
2022-02-16,146809.07366306326,176286.85965725285
2022-02-17,145890.39388606092,172521.13102493275
2022-02-18,145673.1388010859,171404.02254061124
2022-02-22,145232.17017964105,169564.58168098386
2022-02-23,144654.35299069385,166556.74911355748
2022-02-24,143925.08296290517,169063.26773992818
2022-02-25,145606.10687455104,172793.48376156823
2022-02-28,145737.46830844853,172351.4085838871
2022-03-01,144194.87408590846,169726.46350967517
2022-03-02,146184.58601491887,172848.76390958473
2022-03-03,147079.4324880731,171988.22477937423
2022-03-04,147747.75862732355,170590.8974066089
2022-03-07,146491.6832994603,165562.0129227083
2022-03-08,144472.5036090543,164306.7743018439
2022-03-09,145333.03175670476,168711.9470117626
2022-03-10,145715.48268226066,167950.14341041865
2022-03-11,144697.3854691725,165814.6364311882
2022-03-14,145050.82640058294,164602.84042144695
2022-03-15,145244.1095968471,168222.52168650806
2022-03-16,145145.39699573693,171952.69939896726
2022-03-17,145539.2234631526,174104.02806990303
2022-03-18,145220.5001628951,176010.9186273412
2022-03-21,145739.35551735555,175959.43108823232
2022-03-22,146535.15241690638,178018.44740296315
2022-03-23,145354.47038662568,175725.82170319807
2022-03-24,147004.2059767628,178374.7994035516
2022-03-25,148709.11000206324,179245.89909795925
2022-03-28,148856.90841156422,180520.87971670617
2022-03-29,150001.85216089347,182754.07510719227
2022-03-30,150192.27490797985,181625.58879614802
2022-03-31,148552.12936781044,178830.12955781881
2022-04-01,149576.56512242707,179336.99833010283
2022-04-04,148820.84559763307,180873.28587166348
2022-04-05,148375.3443380431,178588.60294206845
2022-04-06,149594.59011928138,176802.8332448604
2022-04-07,150348.39906038795,177693.72601605844
2022-04-08,151267.2867175734,177218.60278500084
2022-04-11,149315.12494931082,174189.54693136437
2022-04-12,149300.85086082408,173544.12662154782
2022-04-13,150034.14505825122,175531.82401119854
2022-04-14,149746.58524473128,173346.14477473625
2022-04-18,149154.6073483238,173417.3998511816
2022-04-19,150646.77033080693,176216.83047459583
2022-04-20,152283.7909112608,176086.1578585985
2022-04-21,150540.2846324896,173453.02738940428
2022-04-22,147130.69192455694,168693.6479930267
2022-04-25,146705.636928375,169671.64307182934
2022-04-26,144829.9596441513,164757.81382785208
2022-04-27,144989.98656399647,165221.08675228938
2022-04-28,147081.81228233938,169394.4889178563
2022-04-29,142901.29543968715,163134.38566950592
2022-05-02,142278.94230834756,164116.36490312056
2022-05-03,142814.63151298068,164868.68059733207
2022-05-04,145227.5493967325,169889.44353488518
2022-05-05,143532.60645520315,163851.0993649487
2022-05-06,143758.87264416923,162873.09151641914
2022-05-09,142371.89293335873,157658.34365659344
2022-05-10,141827.41365436118,158022.612887898
2022-05-11,142088.9014111373,155512.23780398496
2022-05-12,141744.68398089914,155349.88349539606
2022-05-13,142795.00980957382,159063.95858215677
2022-05-16,143227.26752721556,158418.55104206718
2022-05-17,143538.04043422142,161677.27043510674
2022-05-18,141429.3938130098,155159.80610957372
2022-05-19,140924.5373021792,154209.53410800456
2022-05-20,141108.64928388008,154276.84333881878
2022-05-23,141995.87606527001,157163.3762698376
2022-05-24,142773.7448254925,155963.6093428941
2022-05-25,142919.7005879996,157341.55227013183
2022-05-26,143121.54881559857,160485.43350860637
2022-05-27,143875.46346140432,164425.2135194121
2022-05-31,142740.57428029922,163502.62628589553
2022-06-01,141548.24233663868,162180.14228285177
2022-06-02,143458.38190650984,165268.60290631323
2022-06-03,142314.88291010735,162556.31289968448
2022-06-06,143033.92554730998,163051.26751671333
2022-06-07,143955.78491721363,164615.27813550748
2022-06-08,142081.25502392327,162825.5370532144
2022-06-09,139661.58366475318,158953.09181267678
2022-06-10,138068.5503301032,154344.1142604521
2022-06-13,134578.2618921777,148483.95886053683
2022-06-14,133708.81959873624,148036.5587067127
2022-06-15,133746.5841607366,150147.02425137156
2022-06-16,132624.77281788088,145177.72331347343
2022-06-17,131891.42085433163,145490.68378184657
2022-06-21,132367.1021186779,149153.23302031754
2022-06-22,132061.74987690992,148882.80851245322
2022-06-23,131790.32383318772,150342.23506743246
2022-06-24,131883.12688056016,155122.19926367202
2022-06-27,132707.6591837137,154529.696702384
2022-06-28,132669.56257874236,151372.22847442242
2022-06-29,132452.63180862222,151248.88568170104
2022-06-30,132999.89084510697,150020.1442442818
2022-07-01,134672.39513705083,151606.83389815965
2022-07-05,132145.1903653766,151893.169485818
2022-07-06,132804.71951787858,152406.15495731655
2022-07-07,133028.42449791825,154688.74365168985
2022-07-08,132739.99597867913,154561.5060922452
2022-07-11,132998.73363343452,152795.84871500154
2022-07-12,132552.50546272923,151443.77725458788
2022-07-13,132277.52526951273,150648.45311996993
2022-07-14,132147.80128756657,150282.61321224907
2022-07-15,132375.91264046516,153153.79693146015
2022-07-18,131672.02200881593,151889.15979155208
2022-07-19,132072.55657645993,155993.08187272132
2022-07-20,131235.07166935224,156987.28173503812
2022-07-21,131398.9192891173,158585.898313898
2022-07-22,132254.61208213482,157114.53206420975
2022-07-25,134433.76878190765,157305.4139428307
2022-07-26,134232.98387507265,155444.32839600352
2022-07-27,135723.58395084005,159480.66031236542
2022-07-28,138401.2853444016,161480.92311334627
2022-07-29,141811.90048704832,163835.0988970659
2022-08-01,140319.91699563904,163349.93866061652
2022-08-02,139788.59747824678,162272.27586287918
2022-08-03,138900.70793380204,164813.4004493156
2022-08-04,136315.04766938335,164702.04843021109
2022-08-05,137279.7715993063,164423.6556127228
2022-08-08,137435.51712750402,164232.7609643749
2022-08-09,137988.43172080113,163580.6110084496
2022-08-10,139013.33164911048,167016.4720538995
2022-08-11,138568.51480257174,167016.4720538995
2022-08-12,140544.46897520951,169843.86837935948
2022-08-15,141057.78294247368,170543.76434439392
2022-08-16,141258.04633405842,170877.80763198054
2022-08-17,141139.68339893263,169664.90065599364
2022-08-18,141403.69385238813,170158.04197179395
2022-08-19,141367.2936495175,167871.43081342778
2022-08-22,139730.88866972114,164375.9479127945
2022-08-23,139202.2578884954,163978.26030603162
2022-08-24,139677.7896298611,164503.17270251224
2022-08-25,140991.031649471,166825.59017527857
2022-08-26,137247.13195429186,161178.67644589383
2022-08-29,137085.8493343889,160112.94057313853
2022-08-30,135626.95915829498,158355.25150551889
2022-08-31,134918.8046317164,157150.31283915596
2022-09-01,136131.63466945945,157643.42861550237
2022-09-02,134835.15628989864,155981.15494773924
2022-09-06,135010.28398363513,155392.6493109902
2022-09-07,137140.396454275,158184.27763123097
2022-09-08,137085.7883654945,159218.19134439813
2022-09-09,137367.97556696174,161691.67468711935
2022-09-12,138041.61285430437,163429.49405958687
2022-09-13,136148.17176259443,156323.19208440382
2022-09-14,136712.561734478,156919.65326104985
2022-09-15,134973.87599628995,155138.0975737391
2022-09-16,134718.98116250115,153954.57373949068
2022-09-19,135627.18802065245,155148.50490121276
2022-09-20,134628.2375429838,153367.63877915792
2022-09-21,133702.60903084953,150692.29159262884
2022-09-22,133464.32626569335,149426.51794702123
2022-09-23,132694.48844219255,146922.87250921686
2022-09-26,131108.9972703845,145469.44772590956
2022-09-27,130027.53525500686,145098.09129614133
2022-09-28,130705.74202889463,147953.0702318382
2022-09-29,128148.779574485,144862.5026034281
2022-09-30,126966.52807521776,142622.41156038272
2022-10-03,127916.63940146589,146387.83371925578
2022-10-04,127916.63940146589,150923.88336080313
2022-10-05,127916.63940146589,150572.49878400273
2022-10-06,127916.63940146589,149019.25304503716
2022-10-07,127916.63940146589,144862.5026034281
2022-10-10,124896.28807307866,143756.42716320133
2022-10-11,123949.22517491115,142845.99670975216
2022-10-12,124896.28807307866,142374.85763350656
2022-10-13,129735.20940996679,146132.27317357468
2022-10-14,125133.04744371118,142802.08161873143
2022-10-17,126612.86022621272,146471.7052859391
2022-10-18,127663.47913915585,148192.65584909043
2022-10-19,131244.61870227475,147142.48627350124
2022-10-20,131363.00474150036,145908.68802420527
2022-10-21,134973.7153987882,149454.49641879392
2022-10-24,135580.42478809142,151283.24901695448
2022-10-25,135713.59002049215,153699.06427271746
2022-10-26,137474.56329224518,152541.05435293814
2022-10-27,137948.09474132894,151726.5117792431
2022-10-28,138406.82158160015,155336.19434809333
2022-10-31,139598.77275917944,154214.11843998375
2022-11-01,140734.08710553782,153539.30221870175
2022-11-02,135235.73722510246,149686.04987778733
2022-11-03,137786.3754506781,148144.7693729847
2022-11-04,140865.15008242926,150277.04561129384
2022-11-07,144186.45575913996,151714.50823589924
2022-11-08,144923.77606867458,152533.0605038602
2022-11-09,137098.4583971942,149390.59670507844
2022-11-10,142959.8367000558,157600.2030897376
2022-11-11,146282.01599825828,159125.54697529224
2022-11-14,145498.81480137786,157771.8792990084
2022-11-15,147457.8320810959,159117.54035648736
2022-11-16,143998.63889181803,157903.6884207053
2022-11-17,143778.1539227281,157420.50749193496
2022-11-18,144267.63043602736,158135.26741915263
2022-11-21,143045.51651140235,157560.2721535289
2022-11-22,149082.1815068284,159680.5831576751
2022-11-23,148264.01981442957,160686.7993330627
2022-11-25,148308.37018037503,160650.8780911199
2022-11-28,142172.90564810115,158087.35540359298
2022-11-29,144485.9089114248,157815.84546893695
2022-11-30,148690.6310448236,162787.13848424106
2022-12-01,148131.34910697746,162667.37121506888
2022-12-02,148029.77390039747,162479.6689984614
2022-12-05,141211.4094157739,159556.7678850561
2022-12-06,136232.0138471084,157256.79959228815
2022-12-07,136198.01596133236,156989.26104271715
2022-12-08,136701.6720753383,158219.10067665504
2022-12-09,132117.5852465805,157037.19859773075
2022-12-12,137493.38017380598,159301.24564855592
2022-12-13,140607.3176484579,160507.14204444093
2022-12-14,139143.2429193506,159480.90293717769
2022-12-15,134531.31941703046,155579.7385807036
2022-12-16,131669.41567754844,153742.95382428422
2022-12-19,130797.33357325186,152439.25408960084
2022-12-20,132879.62138156567,152647.87311897133
2022-12-21,137233.7984881202,154930.33411607504
2022-12-22,133285.84748897335,152720.0731552118
2022-12-23,137936.82256748766,153598.55375180324
2022-12-27,139449.09574016105,152992.83452311007
2022-12-28,134767.7523261738,151091.44771799233
2022-12-29,137868.6607504728,153811.14416625877
2022-12-30,137960.37803321632,153406.0118086773
2023-01-03,133269.1634388847,152760.182867598
2023-01-04,134438.76606378736,153939.50546167608
2023-01-05,134859.2006258024,152182.53149876627
2023-01-06,140628.96570204088,155672.39571953643
2023-01-09,138945.4988212432,155584.1569062323
2023-01-10,140787.75950336477,156675.25345673316
2023-01-11,142604.77628217783,158656.85968662324
2023-01-12,144996.66034415574,159234.48551600103
2023-01-13,145682.56916988615,159852.23382749196
2023-01-17,145112.8777347642,159559.41121853713
2023-01-18,142212.9026043492,157040.26333220152
2023-01-19,140369.60720895338,155897.04075624366
2023-01-20,142084.03116610448,158801.25975910423
2023-01-23,142822.8353728627,160706.65625848787
2023-01-24,143126.19298472517,160534.18832614546
2023-01-25,143089.03178062406,160594.3337401343
2023-01-26,143784.55093707182,162359.35263102985
2023-01-27,143767.89290701516,162732.36912530306
2023-01-30,142564.32324365506,160690.59194197028
2023-01-31,145104.21390366464,163053.29790330023
2023-02-01,146556.9336796223,164786.1881611606
2023-02-02,149613.19389769013,167184.98137088382
2023-02-03,147766.64850285143,165407.94616691745
2023-02-06,146598.2083902998,164397.0690411889
2023-02-07,148005.43916675283,166547.15904860938
2023-02-08,146263.69586676435,164726.0044379909
2023-02-09,144642.1202077478,163297.95310215617
2023-02-10,144493.7337831253,163679.065603323
2023-02-13,145860.08350546347,165600.48811004337
2023-02-14,146009.4600819949,165524.278379537
2023-02-15,146668.9359255168,166061.7944965286
2023-02-16,145167.44376199826,163775.323805159
2023-02-17,144736.99250841976,163366.16898358465
2023-02-21,141805.90325044887,160088.90794699694
2023-02-22,141652.54683873124,159868.29814400958
2023-02-23,142242.78633417975,160718.6981110126
2023-02-24,140646.42239467625,159001.83386048893
2023-02-27,141565.22935467624,159543.37244147348
2023-02-28,141545.1357691746,158953.70475957094
2023-03-01,141220.9023564167,158343.95029715792
2023-03-02,141865.7390568782,159575.43722587387
2023-03-03,143445.4119403577,162134.66928514175
2023-03-06,143007.32535344057,162247.0173429493
2023-03-07,140849.01255917826,159759.9853199219
2023-03-08,141093.46953517708,160020.70483529542
2023-03-09,137920.24738223897,157068.36950124384
2023-03-10,135723.95686598483,154801.94728120381
2023-03-13,134246.69795630802,154581.3247084895
2023-03-14,135006.6047821758,157136.5598432184
2023-03-15,134474.8060027726,156153.7888865322
2023-03-16,135410.6112286006,158893.52103640127
2023-03-17,135018.77299172914,157035.6151515875
2023-03-20,135558.63609579796,158545.6098253344
2023-03-21,137132.45372362627,160627.39456323767
2023-03-22,135733.56668219567,157889.2841686927
2023-03-23,137176.93216435774,158316.13783183572
2023-03-24,137579.67298905517,159354.98065961
2023-03-27,137015.78442344192,159652.97500798426
2023-03-28,136363.95132842724,159294.60539053593
2023-03-29,137736.38844528358,161609.8973556577
2023-03-30,138339.38182002495,162556.19797214182
2023-03-31,139971.1205303378,164847.34238357935
2023-04-03,140169.16973864785,165475.51079227088
2023-04-04,140132.77305238537,164557.4185026448
2023-04-05,138270.08180737848,164126.55514523585
2023-04-06,139277.70531020022,164766.803715633
2023-04-10,138419.35813815665,164935.92597951146
2023-04-11,138008.70303377512,164980.21139261406
2023-04-12,137154.7106690987,164307.7703405469
2023-04-13,139027.5437004595,166490.19329663398
2023-04-14,138864.62166212988,166083.51580209017
2023-04-17,138823.85102335154,166679.46618965777
2023-04-18,138657.5691780167,166788.20041473518
2023-04-19,138008.7858304188,166760.0176273311
2023-04-20,136127.09280279398,165849.98303541774
2023-04-21,136927.29906678095,165978.86788964045
2023-04-24,136854.42055712367,166151.97430833094
2023-04-25,133931.40523112312,163514.52767142368
2023-04-26,133005.55971937714,162821.93599021123
2023-04-27,139385.62340498928,166063.40348212575
2023-04-28,140597.3965094378,167480.7665564937
2023-05-01,140433.0617807018,167311.66983206916
2023-05-02,138809.795781746,165431.21260944137
2023-05-03,138061.60670330378,164295.69017884132
2023-05-04,136763.16186127102,163131.99773056412
2023-05-05,138528.15741609634,166151.97430833094
2023-05-08,139009.04899774014,166196.2597214335
2023-05-09,138070.1691544099,165467.4403248312
2023-05-10,139247.34228992133,166240.57067399003
2023-05-11,139568.87831257022,165950.6723325094
2023-05-12,139830.42533203735,165733.1911126276
2023-05-15,139946.52878673686,166305.01948596485
2023-05-16,139040.25716688298,165193.65737877603
2023-05-17,140126.14026884493,167198.91314299885
2023-05-18,141697.70047931126,168809.57157438347
2023-05-19,141283.4740256438,168563.9331065515
2023-05-22,141551.89187584925,168632.40438251922
2023-05-23,140026.79643493163,166739.85422845886
2023-05-24,139304.0480604764,165531.88913680604
2023-05-25,140061.53883403196,166965.3803763264
2023-05-26,142381.63528823698,169127.67824272212
2023-05-30,142448.27344088993,169192.11428496998
2023-05-31,142192.8964472881,168253.89690565254
2023-06-01,143455.17492353794,169852.4879450585
2023-06-02,143708.3809505651,172308.7449261086
2023-06-05,143916.8524157002,171978.55809606434
2023-06-06,144925.63359799414,172353.0303392112
2023-06-07,143210.37106208014,171757.09272137057
2023-06-08,144897.3469923315,172795.99939777967
2023-06-09,145418.7905902972,173106.01005922473
2023-06-12,148104.1881456271,174676.4183112266
2023-06-13,149260.50167472614,175828.03059779818
2023-06-14,149632.88536086254,176037.4413502403
2023-06-15,151666.66066658532,178219.87707605434
2023-06-16,150685.08459594767,177612.82979575716
2023-06-20,150660.56155562965,176691.35352848627
2023-06-21,148609.54763842467,175786.0309658217
2023-06-22,150344.76195502144,176420.5586985401
2023-06-23,149025.5983944371,175086.8117963162
2023-06-26,147150.85385327932,174371.45169193135
2023-06-27,150485.42395856796,176283.14366670707
2023-06-28,151128.66042549867,176372.04650581322
2023-06-29,150847.8765690837,177067.17936269104
2023-06-30,152993.11501386546,179156.7280945869
2023-07-03,154079.67425837836,179362.83148774598
2023-07-05,154515.00356232625,179096.0846612466
2023-07-06,152624.4033998371,177693.6366279697
2023-07-07,152320.1769043172,177245.0361198112
2023-07-10,153071.43796778948,177693.6366279697
2023-07-11,155650.75173719172,178825.2898313004
2023-07-12,157498.91162260543,180264.13158641764
2023-07-13,159796.3827321992,181694.85179518737
2023-07-14,159053.8516118151,181581.67370512735
2023-07-17,159647.08288865315,182212.17897385283
2023-07-18,161116.0079103057,183566.1020446759
2023-07-19,161509.43882138148,183974.32467618206
2023-07-20,156936.84533738776,182753.73032456433
2023-07-21,155930.35383494067,182753.73032456433
2023-07-24,156567.02146720135,183570.1628178497
2023-07-25,156979.19501345098,184071.32352218186
2023-07-26,157762.89671754983,184099.60846740165
2023-07-27,157558.34705126574,182879.02688551083
2023-07-28,160769.94163774076,184669.48307251377
2023-07-31,161271.74566378843,185021.0975043995
2023-08-01,160512.76631331048,184491.67739430146
2023-08-02,156383.07153735188,181925.24320902728
2023-08-03,155919.65263726388,181403.85525718806
2023-08-04,156111.27300974829,180583.40029990982
2023-08-07,158899.70505801862,182159.6187776792
2023-08-08,157415.4294388212,181367.4870748016
2023-08-09,155533.46854783804,180155.00149980444
2023-08-10,155882.5276664735,180219.66739713761
2023-08-11,156003.269668286,180114.5853139712
2023-08-14,156954.09311551947,181108.8107157419
2023-08-15,152354.4040688058,178999.08581524683
2023-08-16,149463.4667443946,177685.56616053003
2023-08-17,147021.28406904516,176331.6558594339
2023-08-18,147019.5403825717,176416.51069509328
2023-08-21,148581.40974978067,177564.33037275728
2023-08-22,148151.21784437407,177083.37137647826
2023-08-23,150854.61731168398,179055.69401486727
2023-08-24,146337.3809675657,176574.15297443335
2023-08-25,148386.45325220405,177818.9459586432
2023-08-28,150717.24810203677,178946.5511585271
2023-08-29,155482.6104099273,181533.1998215814
2023-08-30,156372.0910949029,182280.8673351789
2023-08-31,156369.5971104704,182014.1332784065
2023-09-01,157065.22004304678,182353.64200913266
2023-09-05,155696.14994803836,181565.53277024796
2023-09-06,154524.0438833296,180344.9511883572
2023-09-07,154169.77927854573,179791.2558273053
2023-09-08,154746.53081958462,180062.02511779754
2023-09-11,157584.8510532707,181246.25128702883
2023-09-12,157218.38211853398,180252.0003458042
2023-09-13,157678.48986050967,180462.16451213707
2023-09-14,160160.5045802563,182018.16851212634
2023-09-15,156952.33777985314,179825.1722221151
2023-09-18,156891.52654446842,179930.63739709035
2023-09-19,156000.58003069286,179557.49320554754
2023-09-20,153184.6214160016,177906.7378315037
2023-09-21,148296.44623477178,174966.24003434548
2023-09-22,147031.15756504927,174572.79197693378
2023-09-25,147351.59792384043,175306.9235799521
2023-09-26,146196.9494117495,172731.47396744307
2023-09-27,147680.79894389687,172800.41772330838
2023-09-28,148582.8984315837,173802.20280344033
2023-09-29,147082.26558116416,173380.38041272011
2023-10-02,146625.06553073286,173311.4238871279
2023-10-03,145546.4659445382,170991.4709716651
2023-10-04,144679.84115162172,172236.63427795685
2023-10-05,144270.3329418689,172171.7257558114
2023-10-06,145982.4417628395,174215.890878086
2023-10-09,148972.52312320945,175331.27544926773
2023-10-10,149565.52092574543,176243.8256773925
2023-10-11,150076.16278567803,176965.80050034344
2023-10-12,149227.6693646072,175886.9373482717
2023-10-13,148760.89882833185,175010.8319208951
2023-10-16,150426.49241893177,176852.21377902065
2023-10-17,151247.04269673763,176844.0922326731
2023-10-18,150338.51074805058,174487.61789810038
2023-10-19,150164.6429196805,172954.5227882801
2023-10-20,148554.19981357333,170829.24436034585
2023-10-23,148452.73278554666,170533.17824074283
2023-10-24,148988.34233620024,171818.87266041042
2023-10-25,144897.2553407565,169352.8979171426
2023-10-26,141954.3943431521,167324.9631178361
2023-10-27,140759.7387730393,166566.51795468305
2023-10-30,142943.84493229614,168557.9568743335
2023-10-31,143825.68211997027,169616.5544697173
2023-11-01,145738.65146103103,171425.4501424527
2023-11-02,149048.1509029845,174710.71779784525
2023-11-03,150244.3307025212,176304.66065663722
2023-11-06,149796.68584392307,176710.27826384324
2023-11-07,149673.97940493902,177213.18842076915
2023-11-08,148981.64341850078,177342.97992560614
2023-11-09,148578.63155609035,175959.9291075838
2023-11-10,151672.1040684733,178705.75241721355
2023-11-13,151244.2754153167,178535.39148981977
2023-11-14,153574.8574153366,181999.1288492267
2023-11-15,154040.03477057326,182384.45536029083
2023-11-16,154665.84188083172,182607.51695085483
2023-11-17,154544.65691095358,182834.63931459255
2023-11-20,156596.73077837095,184242.04200193053
2023-11-21,155841.16004746844,183840.47239817132
2023-11-22,157051.4927159301,184550.252131874
2023-11-24,156897.00481565276,184663.8005440159
2023-11-27,156126.13275991945,184331.2513144838
2023-11-28,156405.42463192352,184513.743482491
2023-11-29,156371.83441413002,184383.97751710794
2023-11-30,156807.72671955265,185109.96203432477
2023-12-01,157659.34515429102,186205.0555093646
2023-12-04,156626.1109960557,185227.5839893674
2023-12-05,155981.30562983116,185191.1136491653
2023-12-06,154773.67342311618,184444.81249635265
2023-12-07,157524.46937929856,185852.1896442367
2023-12-08,158660.98677679588,186651.2042299465
2023-12-11,159370.31347355276,187377.2142866173
2023-12-12,160774.8306095212,188233.00307839806
2023-12-13,165489.66808944242,190828.74378704897
2023-12-14,168410.06109661201,191441.1798921239
2023-12-15,167323.52192527885,191125.98472153247
2023-12-18,167744.11684384051,192201.08080415058
2023-12-19,169201.47333061756,193369.81729457757
2023-12-20,165657.87044519754,190690.2433284242
2023-12-21,167863.8189543421,192498.360047815
2023-12-22,168502.04177529336,192885.21892611447
2023-12-26,169717.1186985531,193699.68488144779
2023-12-27,170339.0619355018,194049.90741309468
2023-12-28,170970.15991207358,194123.20564585383
2023-12-29,169884.39006045504,193561.23550173087
2024-01-02,168831.91339516663,192477.99233331133
2024-01-03,165760.60595984556,190906.09002325495
2024-01-04,165600.8770988819,190291.16382142252
2024-01-05,165863.2459863688,190551.78117898037
2024-01-08,169020.3724764295,193272.10334386793
2024-01-09,167786.5916773678,192978.89764310428
2024-01-10,168647.73460139876,194070.27512759832
2024-01-11,167136.76079437375,193984.75626613694
2024-01-12,167780.41465955405,194119.1321029531
2024-01-16,166309.67683053098,193406.46641095713
2024-01-17,164903.04817524756,192331.39586779298
2024-01-18,165757.93192151963,194041.76032729322
2024-01-19,168660.2261437032,196460.7169358887
2024-01-22,169280.59246906824,196876.09061449333
2024-01-23,169364.1936819834,197450.29415704543
2024-01-24,169383.36528621626,197666.1280821492
2024-01-25,170714.39924464546,198741.2113950403
2024-01-26,170107.2222225191,198488.74112328392
2024-01-29,171244.74081018925,200060.63066361332
2024-01-30,171299.15724908008,199905.91265174747
2024-01-31,168624.328770018,196643.9752875136
2024-02-01,170380.8153916816,199217.70098688282
2024-02-02,170782.4015151743,201314.9498641365
2024-02-05,169625.75176222328,200581.878148456
2024-02-06,169998.57867761463,201164.2543162635
2024-02-07,171755.16605825932,202842.03043255792
2024-02-08,171643.96871897034,202931.63560664695
2024-02-09,172759.98969806396,204104.45840970165
2024-02-12,172771.9403237355,204014.86600533954
2024-02-13,170042.57549945766,201204.96420581685
2024-02-14,172386.86623379827,203033.43586998427
2024-02-15,174110.23878814958,204434.32599657183
2024-02-16,172894.99107487543,203416.23397511
2024-02-20,171736.52791844888,202296.35446003784
2024-02-21,172385.01651337295,202479.61281166272
2024-02-22,175037.49852191773,206669.9987140885
2024-02-23,176138.15659068746,206812.55994588698
2024-02-26,175164.62589111167,206055.09805171
2024-02-27,175302.45903430338,206437.88338710877
2024-02-28,175381.9317287224,206165.03263112178
2024-02-29,174872.04698709893,206906.2003536959
2024-03-01,175884.68025689514,208848.6929099028
2024-03-04,176141.69198064305,208624.72466872455
2024-03-05,175007.86808094455,206539.6836504461
2024-03-06,176320.27456374298,207586.27770248603
2024-03-07,177112.89795984185,209646.90300281407
2024-03-08,176946.12239322683,208388.5357988441
2024-03-11,176562.2137841903,208209.35099011994
2024-03-12,177242.71600848707,210449.13555971818
2024-03-13,178010.751551296,210119.267972848
2024-03-14,177065.49510695244,209703.86875478947
2024-03-15,176928.51337473872,208263.94157288046
2024-03-18,177541.000273397,209501.6728980806
2024-03-19,179096.46100782495,210665.92721434406
2024-03-20,180781.81848236558,212614.40877249592
2024-03-21,182418.09337363223,213317.088538008
2024-03-22,181083.6827461051,212912.62020622854
2024-03-25,180523.782085988,212324.42104292658
2024-03-26,180602.86289284084,211932.2371884841
2024-03-27,182588.08118984677,213713.25654726248
2024-03-28,183079.41625455307,213672.45726962038
2024-04-01,182389.33132927783,213300.73051777028
2024-04-02,182462.0696807641,211944.50889609416
2024-04-03,183147.96048007248,212177.32655805675
2024-04-04,181559.93962305662,209587.47269353512
2024-04-05,183859.2014280638,211777.02115726672
2024-04-08,183348.43985363815,211895.46037483492
2024-04-09,183245.7346757521,212140.54974440756
2024-04-10,182875.86666437637,210016.39505244588
2024-04-11,182970.48999741665,211601.37356291089
2024-04-12,181285.33909064683,208680.59222418122
2024-04-15,179384.25053189846,206066.24602334743
2024-04-16,178296.0027041376,205690.39464968874
2024-04-17,177959.76133973518,204473.0693481731
2024-04-18,177618.5041976614,204052.33238424466
2024-04-19,178131.07028421442,202271.30025573933
2024-04-22,179510.86937012422,204134.0330973445
2024-04-23,180519.67573647178,206556.42476249265
2024-04-24,180469.09488619576,206458.40433833597
2024-04-25,181072.63622610416,205674.04939917795
2024-04-26,180692.6175349079,207622.62034541857
2024-04-29,182311.92396995082,208357.88845413644
2024-04-30,178118.5317362864,205057.25881720913
2024-05-01,177485.8183651934,204391.40694425415
2024-05-02,178242.49142515898,206303.1499979377
2024-05-03,179546.14148405037,208860.35167061866
2024-05-06,181398.92928422525,211017.22240305576
2024-05-07,182554.06579512564,211250.05283474532
2024-05-08,182578.08403453685,211270.47162815678
2024-05-09,185146.07636626813,212487.7841599454
2024-05-10,185008.87596693417,212761.52879681974
2024-05-13,184159.10079939128,212790.06913657876
2024-05-14,184357.35437378281,213766.4169206033
2024-05-15,185588.77871003546,216413.4408527317
2024-05-16,185397.2702898406,215968.21155249106
2024-05-17,186824.21870242475,216278.69469383368
2024-05-20,185842.36514180293,216527.83206685312
2024-05-21,186116.0293198086,217058.89947172915
2024-05-22,183817.45165961824,216433.923494778
2024-05-23,180604.34552888025,214853.03129694072
2024-05-24,182042.96841990398,216274.5573022981
2024-05-28,182052.967262515,216425.75086952266
2024-05-29,179864.56150326747,214910.1630553666
2024-05-30,180823.25137106288,213484.51242820063
2024-05-31,183413.77496506614,215428.97152235958
2024-06-03,181107.02425360275,215604.6574258963
2024-06-04,180118.13681899858,215845.64771311427
2024-06-05,180440.44195742917,218411.03478077764
2024-06-06,180636.42377651975,218406.922928696
2024-06-07,179500.1470579282,218141.36368680405
2024-06-10,179679.30703363667,218815.34987583358
2024-06-11,179529.55866545733,219342.3820469898
2024-06-12,179350.04443990294,221143.83296890662
2024-06-13,179368.87756659152,221589.1133480551
2024-06-14,179321.05182722898,221723.96166476887
2024-06-17,179126.17517602237,223488.58469412866
2024-06-18,179148.62000114936,224056.4289126539
2024-06-20,179267.80471334697,223447.77264675958
2024-06-21,179100.92765634696,223148.1948522421
2024-06-24,179217.51223953793,222422.79774246548
2024-06-25,179132.6208132842,223279.36548759096
2024-06-26,179014.60391076782,223558.02646934544
2024-06-27,179063.53706987976,223910.47093348365
2024-06-28,178772.61033747793,223029.3342336842
2024-07-01,178637.34283267654,223488.35483904334
2024-07-02,178851.91845308943,224992.34774111828
2024-07-03,179127.3785715903,225996.45691155727
2024-07-05,179287.03897444071,227299.63308743518
2024-07-08,179358.9070537721,227561.89773977108
2024-07-09,179351.43683310857,227783.1715685605
2024-07-10,179485.12503270488,230037.15607453996
2024-07-11,179251.1699252288,228053.68546451352
2024-07-12,179332.56294090435,229492.14412782187
2024-07-15,179287.64450263823,230123.24957371457
2024-07-16,179291.3437504609,231487.92475463927
2024-07-17,178936.86178636414,228242.19217391958
2024-07-18,178933.83021048753,226488.21909684574
2024-07-19,178800.90606105808,224984.14957640902
2024-07-22,179697.67626932845,227303.74493951682
2024-07-23,179515.6415673439,226947.21416275093
2024-07-24,177975.93494440021,221804.00231336374
2024-07-25,177424.20101539232,220648.29094443753
2024-07-26,178934.44421399146,223119.48850603262
2024-07-29,179441.39889235253,223250.6336019275
2024-07-30,179857.2001771108,222119.59334549095
2024-07-31,179997.24658844975,225730.02932823193
2024-08-01,181017.23893116607,222533.46019631412
2024-08-02,180847.31174497027,218390.2967441921
2024-08-05,177415.55062089325,212029.95113919373
2024-08-06,180309.38897980866,213984.7409424646
2024-08-07,178850.8334909104,212554.4804438655
2024-08-08,181976.19582107477,217468.16922084618
2024-08-09,183230.11115327585,218427.12463674915
2024-08-12,181873.87257858686,218541.89894267937
2024-08-13,184188.08490517305,222135.96413545567
2024-08-14,184559.25885324844,222836.74121165046
2024-08-15,185656.27781948322,226656.1920852977
2024-08-16,186017.04262829007,227164.40167891263
2024-08-19,186676.68426582654,229336.4045377991
2024-08-20,186760.4903227948,228963.4518921607
2024-08-21,187053.79881531163,229750.29692807616
2024-08-22,187598.5170074852,227947.1093232926
2024-08-23,189316.4606984781,230369.1434360858
2024-08-26,189060.9621727684,229820.0196372861
2024-08-27,189548.1952581955,230135.55959050552
2024-08-28,188772.5429618316,228799.51413742857
2024-08-29,188769.33545110043,228820.02231892876
2024-08-30,191457.54718051196,231004.33519460616
2024-09-03,191402.2922349627,226250.52339918385
2024-09-04,191798.66772456747,225787.41648119705
2024-09-05,190243.05521410695,225238.29268239735
2024-09-06,189328.8302120252,221447.44599714392
2024-09-09,192130.431733063,223926.8417234483
2024-09-10,193994.04676883086,224902.21900822385
2024-09-11,193414.3875499182,227209.47881508683
2024-09-12,194834.6277396925,229123.3033342651
2024-09-13,196748.2385098339,230319.95444783
2024-09-16,198306.32980069157,230660.1144346312
2024-09-17,197278.11924481078,230754.35501960726
2024-09-18,196469.91482510616,230070.02535173894
2024-09-19,198113.23418054264,233995.97574824534
2024-09-20,197723.0565559777,233591.50741646587
2024-09-23,199786.05863989444,234175.18609642345
2024-09-24,200210.85698546103,234845.26474900273
2024-09-25,198475.13447076394,234327.3246234431
2024-09-26,199016.25485507876,235256.3222598943
2024-09-27,199440.0482495903,234915.1662343901
2024-09-30,200367.65032743395,235856.47388763228
2024-10-01,199245.65990419342,233743.59486457767
2024-10-02,197949.64136094658,233842.25377508247
2024-10-03,195234.43882112918,233414.72331641047
2024-10-04,196814.80773218648,235535.8515830822
2024-10-07,194340.9716874073,233406.49961224722
2024-10-08,194491.8454073859,235613.95123317893
2024-10-09,196161.74505025233,237245.94787831625
2024-10-10,194996.39098786065,236830.72743643518
2024-10-11,198367.7503811306,238248.9588522365
2024-10-14,199967.82214198232,240197.41487093444
2024-10-15,200953.37345578015,238331.19589386875
2024-10-16,203143.7067181472,239367.07614498798
2024-10-17,202015.4978789934,239387.5843264882
2024-10-18,203466.3192627621,240308.40933768408
2024-10-21,200114.78703292605,239913.74815621102
2024-10-22,199684.41013510866,239786.33182058894
2024-10-23,200024.21977905027,237595.30206852974
2024-10-24,199650.63197499793,238109.18142091561
2024-10-25,197724.6637061898,238026.94437928338
2024-10-28,198855.6573199065,238762.78712571453
2024-10-29,198172.97982258932,239149.19906357038
2024-10-30,198328.84322265052,238425.69187338406
2024-10-31,193832.8297767869,233751.8185687409
2024-11-01,193841.3324776465,234738.38213433474
2024-11-04,193456.9305899177,234232.752025566
2024-11-05,195935.6874268114,237065.07746563313
2024-11-06,203180.82965247662,242959.81328616026
2024-11-07,203620.3230273049,244838.44443783257
2024-11-08,204737.1089596836,245898.9958014415
2024-11-11,206484.28795548706,246133.29475173162
2024-11-12,205747.06812846163,245368.6945801831
2024-11-13,206056.8570484165,245487.887211642
2024-11-14,204601.7829593649,243909.4212619274
2024-11-15,202735.95340628937,240785.23094242756
2024-11-18,203539.0866748467,241771.84558692924
2024-11-19,203472.68343093028,242655.6128504827
2024-11-20,203473.21669492155,242737.849892115
2024-11-21,204609.05565994105,244040.92391017725
2024-11-22,206119.08847491004,244797.30037756253
2024-11-25,206479.18106975884,245627.6646429629
2024-11-26,206892.4642262978,246910.20494007107
2024-11-27,206685.95927598278,246162.07771630288
2024-11-29,207737.88240084032,247691.27805939992
2024-12-02,207468.65847113528,248135.20484749053
2024-12-03,207109.2762558755,248250.3111663217
2024-12-04,207513.2597442588,249791.82152620968
2024-12-05,207373.95896785372,249380.73847586414
2024-12-06,208360.52225869577,249853.49930743387
2024-12-09,206423.02196309628,248566.82161879019
2024-12-10,206201.09043031218,247794.0488219863
2024-12-11,208561.51813795482,249709.61002403134
2024-12-12,207742.00970676937,248422.95787484158
2024-12-13,207621.5895423984,248373.64118931617
2024-12-16,208848.29805770266,249434.1925529251
2024-12-17,207893.28779217886,248406.53600596907
2024-12-18,201395.27396677335,241003.13356329908
2024-12-19,201476.17275956503,240929.1202258301
2024-12-20,203462.14840421453,243822.91913149002
2024-12-23,204599.0620746056,245283.00971227122
2024-12-24,207074.41317080188,248009.3464185577
2024-12-26,207050.56534820044,248025.84490579198
2024-12-27,204831.34760503558,245414.99761014557
2024-12-30,202513.91078168352,242614.39217185086
2024-12-31,201628.0389104854,241731.74864427
2025-01-02,201087.7526157911,241137.8286432893
2025-01-03,203467.92614246055,244152.863336722
2025-01-06,204722.3180349343,245559.37214317263
2025-01-07,202144.9785267205,242783.5399751833
2025-01-08,202143.41676722508,243138.20637181282
2025-01-10,198599.37678326614,239426.09782300418
2025-01-13,198112.37559676968,239797.36486468365
2025-01-14,198513.18721189396,240127.30906991565
2025-01-15,201302.03404408,244495.24525601452
2025-01-16,201217.078611897,244025.03836983707
2025-01-17,202490.45827927516,246475.03818467606
2025-01-21,203251.71866475636,248731.11692587723
2025-01-22,201527.05656765407,250129.37648871075
2025-01-23,202580.91805560933,251494.58799816782
2025-01-24,201970.32815858827,250760.3797767877
2025-01-27,202595.92792644224,247213.30717922986
2025-01-28,202751.78538916388,249337.44910146456
2025-01-29,202794.8178975079,248219.66382161406
2025-01-30,203689.41751302016,249551.92943551036
2025-01-31,203392.978205048,248223.82675260352
2025-02-03,202789.93438022464,246553.36768985805
2025-02-04,203472.79696160596,248207.3027259153
2025-02-05,203195.57896637724,249213.6849077534
2025-02-06,203959.08734319735,250079.8299481
2025-02-07,202867.7608427494,247790.75423243025
2025-02-10,202761.78062495368,249473.52331196662
2025-02-11,202562.64444597624,249663.30699406884
2025-02-12,202418.71773203244,248858.99297166997
2025-02-13,203785.84893131757,251486.33875455064
2025-02-14,204138.1845037972,251473.95211939796
2025-02-18,204212.83801438543,252212.24665340572
2025-02-19,204262.77057028274,252806.16665438647
2025-02-20,202938.66896421084,251754.42640238098
2025-02-21,200768.49267778272,247448.39785259165
2025-02-24,200055.98432485887,246322.38886857792
2025-02-25,199570.15428470873,245097.41450061236
2025-02-26,198635.4031474696,245221.10207596174
2025-02-27,194803.44787493284,241306.92536771385
2025-02-28,197881.8706747953,245072.66676976092
2025-03-03,198486.4393499525,240778.99931567034
2025-03-04,195564.53809705604,237928.94949458062
2025-03-05,197180.2230397108,240486.1383975346
2025-03-06,196269.26213349128,236217.2442137494
2025-03-07,196805.9935133467,237541.20950512073
2025-03-10,194819.86455827134,231214.19288749192
2025-03-11,191436.6557371731,229292.1191246965
2025-03-12,188759.9289539454,230508.86978849885
2025-03-13,186611.7542232889,227436.0903897461
2025-03-14,189400.97124688685,232133.89416271518
2025-03-17,192185.36750685278,233924.00556709018
2025-03-18,190172.16045645837,231395.62516816135
2025-03-19,191399.80495028454,233915.73078401908
2025-03-20,191075.75798868024,233239.31834686687
2025-03-21,190600.67938919962,233316.24318208318
2025-03-24,192169.6269377546,237494.60000171117
2025-03-25,191912.7623919515,238065.50895470718
2025-03-26,191972.36132511855,235223.42744324144
2025-03-27,191396.1300264525,234598.73240028345
2025-03-28,190358.92724756658,229874.31651632654
2025-03-31,191418.13292711056,231417.3847829038
2025-04-01,191740.34560612682,232071.0415666105
2025-04-02,191877.5182835837,233539.66232500208
2025-04-03,188978.3548043308,222030.63942747697
2025-04-04,181853.61769509976,209032.3088138826
2025-04-07,179179.07284003482,208659.9946545923
2025-04-08,179179.07284003482,205391.78735442035
2025-04-09,179179.07284003482,226961.89934875668
2025-04-10,179179.07284003482,217016.65721494044
2025-04-11,179179.07284003482,220888.84706093877
2025-04-14,181032.37361443508,223031.7860212608
2025-04-15,180293.51534784253,222407.0654388489
2025-04-16,178601.3325224704,217463.4188824165
2025-04-17,181279.1138226675,217773.6977081277
2025-04-21,178420.45991884498,212590.0952123612
2025-04-22,181923.86233336912,218121.21305765878
2025-04-23,181793.24590823572,221501.07885038236
2025-04-24,181166.59804985335,226163.45940076013
2025-04-25,180679.52657626016,227797.57582057308
2025-04-28,180856.53014776282,227884.43550336538
2025-04-29,182996.3597544225,229319.95712947266
2025-04-30,183269.82344785333,229410.9542038005
2025-05-01,182988.75560108485,231036.79584054239
2025-05-02,185714.0034560639,234466.36141060022
2025-05-05,185372.11154814862,233121.8368588208
2025-05-06,185579.28305731528,231173.3042217611
2025-05-07,186275.19973537422,232145.5146142502
2025-05-08,186184.73612301075,233763.03038901312
2025-05-09,185815.46743497733,233465.21481681635
2025-05-12,188475.92218167594,241180.63276806433
2025-05-13,188045.5748502326,242773.34973306803
2025-05-14,187167.31727338728,243083.62855877922
2025-05-15,191581.5894098641,244270.93223220832
2025-05-16,194822.22195690157,245818.163429775
2025-05-19,195760.08441407265,246087.04280067695
2025-05-20,195691.37374216475,245259.66665138555
2025-05-21,190150.10428835737,241126.82113864846
2025-05-22,188353.37242953028,241221.98114396576
2025-05-23,189144.82512817578,239575.47808900013
2025-05-27,193057.82117250585,244556.3867087063
2025-05-28,190615.25630679814,243141.55204027673
2025-05-29,191648.45165449026,244101.2991792513
2025-05-30,193474.86009138104,243828.30795626776
2025-06-02,193860.72893872083,245201.7942487959
2025-06-03,194634.84096857486,246600.02827217552
2025-06-04,192688.26856685258,246533.83000760694
2025-06-05,191642.9077838795,245342.38894264234
2025-06-06,193266.80733665515,247861.80499324418
2025-06-09,192405.5779215033,248085.19859670915
2025-06-10,192708.52909007552,249491.78402152157
2025-06-11,192655.59940978524,248780.20375631732
2025-06-12,193951.0337529329,249768.9381754946
2025-06-13,191788.19899756362,246976.53090190922
2025-06-16,193760.44847049244,249326.28836010018
2025-06-17,192097.20713830172,247195.78711383865
2025-06-18,192104.80665922642,247158.52505056493
2025-06-20,191772.83647021046,246578.0898812556
2025-06-23,194030.07275124072,249013.6343651741
2025-06-24,195721.03488516057,251764.54002613452
2025-06-25,195163.8377240482,251905.61996960547
2025-06-26,196697.23127246826,253876.47408939395
2025-06-27,198301.54787708836,255137.81663974596
2025-06-30,199125.96370614963,256357.68311692687
2025-07-01,198592.3794579752,256274.7309705848
2025-07-02,198837.503827337,257436.52072954472
2025-07-03,199817.3041932205,259465.47710700813
2025-07-07,198971.3370356041,257531.88505049344
2025-07-08,199045.73487655277,257390.8561859303
2025-07-09,199601.6540714241,258934.3330837703
2025-07-10,199513.38331656708,259664.58268979233
2025-07-11,198938.9020675436,258751.8026065822
2025-07-14,199114.01542248813,259245.53132982276
2025-07-15,199166.2435800915,258137.70643700229
2025-07-16,199388.09654586465,259000.71012451634
2025-07-17,200003.22786828424,260585.71417443527
2025-07-18,199906.25162052547,260394.85783526822
2025-07-21,199856.1906845083,260888.61209796273
2025-07-22,200578.73999038868,260925.95077959824
2025-07-23,201824.35244414312,263145.76349622867
2025-07-24,200314.2049874704,263232.90411301417
2025-07-25,201608.97635693237,264344.8919368241
2025-07-28,202102.63720187815,264278.51489607804
2025-07-29,201718.199180649,263581.4410407021
2025-07-30,201631.76838935376,263249.5047580641
2025-07-31,201377.6536593717,262261.99623267516
2025-08-01,200131.0286510038,257963.3996639774
2025-08-04,201123.13058380282,261884.42094587666
2025-08-05,200768.49483624464,260556.67581532474
2025-08-06,201181.89473428842,262552.4309026882
2025-08-07,201165.39328221168,262332.53620441066
2025-08-08,201539.15100180072,264378.0676874701
2025-08-11,201289.1967690601,263855.27506566513
2025-08-12,201829.54765254518,266664.2829843005
2025-08-13,201842.75676045427,267577.11414641846
2025-08-14,201766.1293612477,267601.98957453953
2025-08-15,201497.93953624726,266975.45569089905
2025-08-18,200480.96201391297,266917.40451213194
2025-08-19,198801.29727727192,265469.3174746945
2025-08-20,198000.41638949583,264763.9432967936
2025-08-21,197670.05147824314,263701.78294758755
2025-08-22,200848.63831987762,267751.3953799894
2025-08-25,200503.30960853177,266573.0049759795
2025-08-26,200661.85128862713,267689.130191325
2025-08-27,200849.45057723348,268299.06342991546
2025-08-28,201125.57477290565,269249.20773421496
2025-08-29,200585.22388942057,267643.4911871645
2025-09-02,201609.86165223242,265660.1993533155
2025-09-03,201282.59281910327,267099.93498932006
2025-09-04,202955.8823226255,269332.2109594649
2025-09-05,201699.64452135476,268552.159418293
2025-09-08,202157.944263708,269211.8945920334
2025-09-09,202653.03398189644,269834.26554468443
2025-09-10,201410.49903821934,270614.29154640244
2025-09-11,204888.39226854808,272863.19370105123
2025-09-12,206201.44073666225,272771.86461382237
2025-09-15,208788.75855817163,274224.0890427953
2025-09-16,208848.8195253249,273846.5392954507
2025-09-17,208745.0484707855,273506.30269028776
2025-09-18,209000.35990816844,274784.22034623584
2025-09-19,210162.65619323569,276145.21784579556
2025-09-22,210026.06276214996,277451.6630717757
2025-09-23,208637.72918161127,275941.3619245817
2025-09-24,208241.83372025602,275063.4176565227
2025-09-25,206457.02835018028,273794.4132699938
2025-09-26,208974.34858856676,275363.02099049406
2025-09-29,208729.54762432762,276136.89198381663
2025-09-30,207271.29233212094,277177.06286319497
2025-10-01,206806.71400828677,278121.5629481775
2025-10-02,205094.13891480162,278441.8787792805
2025-10-03,204739.81978809243,278437.7669271989
2025-10-06,206448.30406671652,279436.3084966826
2025-10-07,204447.052548762,278400.3005482938
2025-10-08,205557.44843998845,280060.4161322004
2025-10-09,204128.6512629717,279249.07875997265
2025-10-10,196891.38572486132,271701.5827182688
2025-10-13,199928.23029051488,275870.59209776093
2025-10-14,200862.0657523829,275533.5734637923
2025-10-15,202909.50438082725,276756.83668834495
2025-10-16,201024.64947190456,274872.05052827724
2025-10-17,201952.95525584882,276432.3068473447
2025-10-20,204164.2211133,279307.3342543712
2025-10-21,204013.25555565426,279303.1457839278
2025-10-22,202981.52418354418,277851.10013113235
2025-10-23,203104.57956582087,279498.72692207055
2025-10-24,204728.7078034184,281782.950141495
2025-10-27,207177.48424577422,285107.3442402976
2025-10-28,205547.82841678325,285864.5890491163
2025-10-29,204898.5556452677,286001.88915340666
2025-10-30,202562.62982446805,282856.398929335
2025-10-31,202550.13586159248,283784.2472903597
2025-11-03,202599.30508607643,284316.82152301725
2025-11-04,200240.15599924058,280946.6607227844
2025-11-05,201797.6628061264,281920.25024578534
2025-11-06,198925.3124134296,278895.4339415001
2025-11-07,199030.31268420554,279170.00861062686
2025-11-10,201965.9367259384,283526.2988057368
2025-11-11,204417.7874111327,284175.3329482835
2025-11-12,204145.52551289042,284333.44770752115
2025-11-13,203383.78335661034,279615.21237141365
2025-11-14,204813.3490036156,279569.4712094374
2025-11-17,202801.5537165332,276964.8555405483
2025-11-18,203109.77138455844,274639.0540901372
2025-11-19,201452.28218294564,275700.0396244627
2025-11-20,198466.00645638106,271497.72679705493
2025-11-21,200732.19479943195,274202.1761913293
2025-11-24,202459.90481210558,278238.02285806666
2025-11-25,203895.06033749026,280855.1017804703
2025-11-26,205034.05867350288,282794.00604340096
2025-11-28,205474.7243885491,284337.6106385106
2025-12-01,202886.62209529238,283039.4912745094
2025-12-02,202399.51792308662,283563.73964518803
2025-12-03,202612.0082733955,284545.65503016784
2025-12-04,202091.8450859373,284753.67388237116
2025-12-05,201488.94706728068,285294.5739770076
2025-12-08,200468.91468273944,284437.46990334976
2025-12-09,200497.12295662588,284191.9591327874
2025-12-10,202676.16951038412,286076.79637176305
2025-12-11,202662.56995531826,286742.4822382675
2025-12-12,200801.69639965397,283659.4104395838
2025-12-15,200682.01855923858,283230.8584027549
2025-12-16,196937.24608900718,282456.9874094323
2025-12-17,198009.26972099397,279348.93802481185
2025-12-18,197267.2221175703,281458.39476104075
2025-12-19,198541.3533341745,284009.37757669145
2025-12-22,200178.68664312665,285778.72540502704
2025-12-23,200038.27579086385,287084.86415756005
2025-12-24,200405.1566551241,288094.7197051317
2025-12-26,200518.39166112282,288065.5025698437
2025-12-29,200425.10939518677,287038.9442194064
2025-12-30,200350.36054330165,286688.44075376634
2025-12-31,199902.11272875723,284564.3754498934
2026-01-02,200235.08003634182,285085.993256818
2026-01-05,201526.7637232033,286984.6984192738
2026-01-06,203368.46561217477,288691.4490460439
2026-01-07,201713.23329253486,287760.89350290335
2026-01-08,203324.655136029,287731.6763676154
2026-01-09,203986.0375495222,289634.5444610607
2026-01-12,204142.8794829212,290089.40213543037
2026-01-13,203928.17024340457,289509.37559738377
2026-01-14,204700.43279030986,288086.36830369884
2026-01-15,204758.89869891258,288870.88924930734
2026-01-16,204231.94402842945,288628.8518444785
2026-01-20,201084.4135678705,282753.2961538476
2026-01-21,205774.61048945395,286016.57433941244
2026-01-22,206498.96447448884,287510.50469664176
2026-01-23,206317.9648796518,287614.8078264635
2026-01-26,206409.60048202987,289075.35811741534
2026-01-27,205957.24487923045,290227.11087098345
2026-01-28,204886.66429095008,290197.8937356955
2026-01-29,205233.84751579302,289622.0301286384
2026-01-30,205913.96595630527,288758.20917859883
2026-02-02,206505.87084875608,290193.73080470605
2026-02-03,208019.34465304573,287740.02776904823
2026-02-04,211795.03859226767,286346.2376106513
2026-02-05,208697.60947668352,282769.9989567133
2026-02-06,214129.64903617252,288194.859903964
2026-02-09,214561.23116837718,289584.48713137145
2026-02-10,214963.48431321414,288820.8063801642
2026-02-11,217160.11568098248,288754.07178706327
2026-02-12,214416.00458314785,284293.14644923055
2026-02-13,216711.6012163777,284493.4268468952
2026-02-17,215137.30189798673,284952.4474522543
2026-02-18,215096.78303005558,286387.9690783615
2026-02-19,215821.20086968556,285632.6397285871
2026-02-20,216656.2566611672,287698.29630133795
2026-02-23,215897.89874413316,284760.51845602255
2026-02-24,218041.39201786014,286830.286880855
2026-02-25,217031.89814574458,289250.6609291432
2026-02-26,217493.66160298156,287644.0249617515
2026-02-27,219452.89141589205,286262.7746752307
2026-03-02,218874.8151123732,286425.5376150824
2026-03-03,216026.45801004992,283900.8859764263
2026-03-04,215887.76975740245,285903.8942687039
2026-03-05,213221.56829670275,284309.8237126423
2026-03-06,211592.24064897822,280583.336451275
2026-03-09,212352.55599147733,283041.2534968301
2026-03-10,211059.79301752395,282586.3702830065
2026-03-11,211065.79899409757,282231.6783469231
2026-03-12,209134.77445161677,277946.0047419104
2026-03-13,208767.5467494517,276372.799919704
2026-03-16,210202.69803178307,279185.4089013425
2026-03-17,210629.08170546818,279919.8214383539
2026-03-18,207231.50964775504,276013.9195131771
2026-03-19,206543.53071226785,275333.72723684437
2026-03-20,203606.847890744,271386.6046330357
2026-03-23,206361.54141406497,274236.1692045009
2026-03-24,208303.7825297123,273315.5995878443
2026-03-25,209309.54967685635,274838.72154090763
2026-03-26,208751.55913479012,269930.44712815864
2026-03-27,209210.28723552343,265327.62458432943
2026-03-30,208304.5871771496,264440.511652312
2026-03-31,209736.2067698945,272127.2487968044
2026-04-01,208742.14569826727,274177.5816972014
2026-04-02,208948.12148702276,274424.47159827565
2026-04-06,209844.50114459227,275721.62046302774
2026-04-07,209455.7312976693,275842.9584086162
2026-04-08,211918.53796034554,282868.55570940237
2026-04-09,212246.30537955795,284500.45019672404
2026-04-10,211663.08115854318,284312.17334240326
2026-04-13,213032.0655181412,287090.5849952388
2026-04-14,213113.71791171993,290588.749538534
2026-04-15,212381.42406341815,292881.78386956186
2026-04-16,214176.33583020265,293601.4856811136
2026-04-17,215477.4163266812,297149.86079082155
2026-04-20,216114.0029885928,296555.65985584765
2026-04-21,214968.0152153264,294614.12502916285
2026-04-22,216115.8734645781,297597.59295754664
2026-04-23,217083.16713095878,296442.698851146
2026-04-24,217817.6521897838,298739.9216526172
2026-04-27,217404.96912927247,299254.59272807464
2026-04-28,217119.13010235538,297798.43522319756
2026-04-29,217643.4718510497,297752.4131272282
2026-04-30,220577.3495359102,300714.93870339514
2026-05-01,220018.9278694935,301547.6525985564
2026-05-04,219213.45897236958,300442.9690585685
2026-05-05,221432.7608757042,302853.17840419535
2026-05-06,223005.7669392076,307062.66781815555
2026-05-07,220179.10128386252,306121.1813887359
2026-05-08,221579.39005612046,308648.5402095078
2026-05-11,222844.56723176927,309351.51367873995
2026-05-12,222087.49277583786,308882.86469925183
2026-05-13,222553.60325536178,310611.0173884095
2026-05-14,223302.19905671122,313063.06035956234
2026-05-15,222386.93109637764,309297.1146418839
2026-05-18,221983.9891148466,309079.5440339133
2026-05-19,221734.47479603876,307020.8086531756
2026-05-20,222695.843836574,310167.47369212774
2026-05-21,223045.17547287882,310782.5659004107
2026-05-22,223584.73739869823,312004.42445499764
2026-05-26,224865.3945533224,314075.6997076116
2026-05-27,224664.82501780914,314021.30067075545
2026-05-28,225348.45372111088,315753.61629090254
